title,company,location,link
2020년 하반기 경력사원 (IT(Digital Transformation)부문),None,서울 종로구,https://kr.indeed.com/%EC%B1%84%EC%9A%A9%EB%B3%B4%EA%B8%B0?jk=8cc9b4c1f8813564
추천팀 서비스 개발자 (계약),None,대한민국,https://kr.indeed.com/%EC%B1%84%EC%9A%A9%EB%B3%B4%EA%B8%B0?jk=c5783af875e8ec98
2020 KB데이타시스템 경력직 상시,KB데이타시스템,서울 마포구,https://kr.indeed.com/%EC%B1%84%EC%9A%A9%EB%B3%B4%EA%B8%B0?jk=28fe1c7cb71014dc
[국내 최고회사] Front End 개발자(과장~차장),인코리아 프로페셔널,성남 분당구,https://kr.indeed.com/%EC%B1%84%EC%9A%A9%EB%B3%B4%EA%B8%B0?jk=ab67fad27b038b78
웹 퍼블리셔 영입,카카오페이,성남 분당구,https://kr.indeed.com/%EC%B1%84%EC%9A%A9%EB%B3%B4%EA%B8%B0?jk=72d11340dd61d366
Front-end Engineer,이베이 코리아,대한민국,https://kr.indeed.com/%EC%B1%84%EC%9A%A9%EB%B3%B4%EA%B8%B0?jk=969e3b821c5f809c
[AI검색플랫폼] 지식그래프 서버 개발자,카카오엔터프라이즈,성남 분당구,https://kr.indeed.com/%EC%B1%84%EC%9A%A9%EB%B3%B4%EA%B8%B0?jk=54c879b1c3b5a377
[골프존뉴딘그룹] 2020년 연계형 인턴십 [모바일 프론트 엔드 개발],골프존뉴딘,서울 강남구,https://kr.indeed.com/%EC%B1%84%EC%9A%A9%EB%B3%B4%EA%B8%B0?jk=568741b34cc2813c
[국내 최고회사] Front-End 개발자(사원~대리),인코리아 프로페셔널,성남 분당구,https://kr.indeed.com/%EC%B1%84%EC%9A%A9%EB%B3%B4%EA%B8%B0?jk=5a644589b922eb04
[세종시소재] 정보보호 소프트웨어 개발/보안컨설팅 수행인력,시큐리티캠프,대한민국,https://kr.indeed.com/%EC%B1%84%EC%9A%A9%EB%B3%B4%EA%B8%B0?jk=4cc84af7e309b14f
[Clova] 음성인식 엔진/BE/FE 개발 경력사원,네이버,서울,https://kr.indeed.com/%EC%B1%84%EC%9A%A9%EB%B3%B4%EA%B8%B0?jk=b9b6f9cb761d47ac
2020년 하반기 경력사원 (IT(Digital Transformation)부문/Web개발),None,서울 종로구,https://kr.indeed.com/%EC%B1%84%EC%9A%A9%EB%B3%B4%EA%B8%B0?jk=0393b5a0990498cf
[메가존클라우드] Product Development 부문,메가존,서울 강남구,https://kr.indeed.com/%EC%B1%84%EC%9A%A9%EB%B3%B4%EA%B8%B0?jk=3ead97a6263bf8d4
2020년도 상반기 부문별 정기,위즈코리아,서울 강서구,https://kr.indeed.com/%EC%B1%84%EC%9A%A9%EB%B3%B4%EA%B8%B0?jk=c53bc16505a446a5
[네이버파이낸셜] 프론트엔드 개발자,네이버파이낸셜,성남 분당구,https://kr.indeed.com/%EC%B1%84%EC%9A%A9%EB%B3%B4%EA%B8%B0?jk=5a14075dc623cd24
"핸즈 개발자(Nodejs, Vuejs, NativeScriptVue, C#, WPF)",핸즈,성남 수내동,https://kr.indeed.com/%EC%B1%84%EC%9A%A9%EB%B3%B4%EA%B8%B0?jk=8ed1efaf7b652197
플랫폼 채팅모듈 개발자,Nexon,성남 분당구,https://kr.indeed.com/%EC%B1%84%EC%9A%A9%EB%B3%B4%EA%B8%B0?jk=3b752abecf619fe5
프론트엔드 개발 전임연구원-책임연구원,네오랩컨버전스,서울 구로구,https://kr.indeed.com/%EC%B1%84%EC%9A%A9%EB%B3%B4%EA%B8%B0?jk=26508848aef2c10a
프론트엔드 개발자,Nexon,성남 분당구,https://kr.indeed.com/%EC%B1%84%EC%9A%A9%EB%B3%B4%EA%B8%B0?jk=ced0218d2bc66392
온라인서비스 기획자 및 프론트엔드 개발자 경력직,윕스,서울 마포구,https://kr.indeed.com/%EC%B1%84%EC%9A%A9%EB%B3%B4%EA%B8%B0?jk=a055cf64965a29e9
[Clova] Clova AI AiCall 개발자 경력사원,네이버,서울,https://kr.indeed.com/%EC%B1%84%EC%9A%A9%EB%B3%B4%EA%B8%B0?jk=7db25ada717266e0
네이버 쇼핑검색플랫폼 개발자,네이버,서울,https://kr.indeed.com/%EC%B1%84%EC%9A%A9%EB%B3%B4%EA%B8%B0?jk=f3a14b3f8d9e3e12
[퇴직기술인력 중소기업활용]Front end 개발자 정규직,데브툴즈,안양 동안구,https://kr.indeed.com/%EC%B1%84%EC%9A%A9%EB%B3%B4%EA%B8%B0?jk=f9bfe2c1e183d880
[NAVERxLINE] Global Ad SDK Engineer,네이버,서울,https://kr.indeed.com/%EC%B1%84%EC%9A%A9%EB%B3%B4%EA%B8%B0?jk=e51b53a1e0924c05
프론트엔드 개발자 (스마트프런트팀),야놀자,서울 강남구,https://kr.indeed.com/%EC%B1%84%EC%9A%A9%EB%B3%B4%EA%B8%B0?jk=85b633432fdc315d
백엔드 개발자,스파이더랩,서울 강남구,https://kr.indeed.com/%EC%B1%84%EC%9A%A9%EB%B3%B4%EA%B8%B0?jk=c3b9a9aefdf9b877
(Social & O2O) Frontend Web,에이치에너지,서울 강남구,https://kr.indeed.com/%EC%B1%84%EC%9A%A9%EB%B3%B4%EA%B8%B0?jk=b5b718f91de3cd29
[NHN godo] FE개발 담당자,엔에이치엔고도,서울 구로구,https://kr.indeed.com/%EC%B1%84%EC%9A%A9%EB%B3%B4%EA%B8%B0?jk=a4bd5fee083b3b07
NXLog리포트팀 - 웹 프로그래머,Nexon,성남 분당구,https://kr.indeed.com/%EC%B1%84%EC%9A%A9%EB%B3%B4%EA%B8%B0?jk=d99e03f875abe7ce
프론트엔드 개발자,자비스넷,서울 금천구,https://kr.indeed.com/%EC%B1%84%EC%9A%A9%EB%B3%B4%EA%B8%B0?jk=ec6b26ff4dab5358
