공고,회사명,공고 링크,위치,모집 기한,자격 조건,기술 스택
[전액무료] IT취업 자바/파이썬/인공지능/빅데이터 교육생 모집,휴먼교육센터학원,https://www.jobkorea.co.kr/Recruit/GI_Read/39816586?Oem_Code=C1&logpath=1&stext=파이썬&listno=1,충남 천안시 외,~10/24(월),"['신입·경력', '학력무관', '연수생/교육생']","백엔드, 프론트엔드, IT학원, 데이터베이스, DB2, DBA, MS-SQL, MySQL, 데이터마이닝, 네트워크관리, 보안기술, 시스템운영, 웹프로그래머, Java, jsp, MySQL, Python, .NET, Java, Python, Python, 인공지능(AI), 빅데이터, 사물인터넷(IoT), 유지보수, 하드웨어, DSP, FPGA, 소프트웨어"
php또는 파이썬 개발자,㈜블랙망고,https://www.jobkorea.co.kr/Recruit/GI_Read/39945873?Oem_Code=C1&logpath=1&stext=파이썬&listno=2,충남 천안시,~01/10(화),"['신입', '학력무관', '정규직']","웹에이전시, php, Python"
python Data 전처리 업무 담당자 모집,㈜지에스아이오토모티브,https://www.jobkorea.co.kr/Recruit/GI_Read/39888535?Oem_Code=C1&logpath=1&stext=파이썬&listno=3,대전 유성구,상시채용,"['경력무관', '학력무관', '정규직']",Python
파이썬 및  웹 프로그램 개발자 채용공고,㈜엔이에스,https://www.jobkorea.co.kr/Recruit/GI_Read/39767102?Oem_Code=C1&logpath=1&stext=파이썬&listno=4,충북 청주시 외,~12/22(목),"['경력무관', '학력무관', '정규직 외']","소프트웨어개발, 솔루션, BigData, CRM, ERP, 데이터베이스, HTML, Java, php, 응용프로그래머, 전산전공, C, C++, Python, HTML코딩"
(재)광주정보문화산업진흥원 AI게임/VR/유니티/파이썬/콘텐츠/디자인 무료 교육생,㈜국제,https://www.jobkorea.co.kr/Recruit/GI_Read/39761243?Oem_Code=C1&logpath=1&stext=파이썬&listno=5,대전,~10/31(월),"['경력무관', '학력무관', '연수생/교육생']","학원강사, .NET, 웹프로그래머, HDML, HTML, Java, MySQL, Python, 웹접근성, 웹퍼블리셔, 웹표준, 자바스크립트, HTML5, HTML코딩, UI·UX, Python, 인공지능(AI), 빅데이터, 사물인터넷(IoT), 머신러닝(ML), 딥러닝, 하둡(Hadoop), Spark, Hive, R, Perl, tensorflow, 챗봇(Chatbot), 데이터분석"
"프로그래밍(JAVA, Python) / 디자인 / OA 분야 시간강사 채용",㈜한국아이티전문학원,https://www.jobkorea.co.kr/Recruit/GI_Read/39566979?Oem_Code=C1&logpath=1&stext=파이썬&listno=6,충북 청주시,~12/01(목),"['신입·경력1년↑', '학력무관', '정규직 외']","직업전문학교, Excel, OA, PowerPoint, Java, Python, 디자인강의, 프로그램강의, OA강의"
통계/빅데이터 분야 Python 인력모집,에르타,https://www.jobkorea.co.kr/Recruit/GI_Read/39490310?Oem_Code=C1&logpath=1&stext=파이썬&listno=7,대전 전지역 외,상시채용,"['경력무관', '대졸↑', '정규직']","Java, jsp, 아이폰, 안드로이드, 증강현실, C#, Java, Python, 빅데이터, R"
"[경력&신입] 시스템 및 솔루션 개발-Python,Java(정규직) 채용",㈜아이티존,https://www.jobkorea.co.kr/Recruit/GI_Read/39187528?Oem_Code=C1&logpath=1&stext=파이썬&listno=8,대전 유성구,~10/25(화),"['신입·경력3년↑', '초대졸↑', '정규직']","C언어, AJAX, API, C++, Linux, Python, 빅데이터, 머신러닝(ML), 딥러닝, 하둡(Hadoop), 소프트웨어"
프로그래머 모십니다 [java/jsp /c#/python],오아시스스토리㈜,https://www.jobkorea.co.kr/Recruit/GI_Read/39141441?Oem_Code=C1&logpath=1&stext=파이썬&listno=9,대전 중구 외,~10/20(목),"['경력무관', '학력무관', '정규직']","모바일앱개발, 소프트웨어개발, 솔루션, ERP, jsp, Python, SQL, .NET, C, C#, Python, SQL, Python, 인공지능(AI), 사물인터넷(IoT), 머신러닝(ML), 딥러닝"
"프로그래밍 전문 강사 채용 (JAVA, 자바, C, C#, C++, Android, Spring, JavaScript, Python 등 )",모블,https://www.jobkorea.co.kr/Recruit/GI_Read/39399268?Oem_Code=C1&logpath=1&stext=파이썬&listno=10,충남 천안시,상시채용,"['신입·경력', '초대졸↑', '정규직']","IT학원, 프로그램강의"
"2023년 신입사원 대규모 공개채용(연구, 검증, 개발)",슈어소프트테크㈜,https://www.jobkorea.co.kr/Recruit/GI_Read/39752327?Oem_Code=C1&logpath=1&stext=파이썬&listno=11,대전 유성구 외,~10/16(일),"['신입', '학력무관', '정규직']","소프트웨어개발, 솔루션, 검증, 리눅스, 유닉스, 테스터, QA, Windows, 웹프로그래머, Java, jsp, 응용프로그래머, 전산전공, C, C#, C++, C++Builder, Java, Oracle, Pro-C, Python, VisualBasic, VisualC, VisualC++, Windows, PLC, Python, 빅데이터, 딥러닝, R, 소프트웨어, 연구관리, 연구원, R&D, 임베디드, PLC"
"[취업연계국비지원]자동화,소프트웨어개발,임베디드,IoT, 전기 교육생모집",대한상공회의소 충남인력개발원,https://www.jobkorea.co.kr/Recruit/GI_Read/39927367?Oem_Code=C1&logpath=1&stext=파이썬&listno=12,충남,~01/10(화),"['신입·경력', '학력무관', '연수생/교육생']","산업용로봇, 스마트팩토리, 스마트팩토리 솔루션, 승강기설치 및 유지보수, 자동화시스템설계 제어, 전기내선공사 제어, TCP IP통신, 직업전문학교, C, C++, Embedded, Python, 임베디드, PLC, Python, 인공지능(AI), 사물인터넷(IoT), 유지보수, 전기, 전기설비, PLC, 3D설계, 전기설계, CAD, CAM, 전기·전자, 로봇·자동화"
2022 하반기 LIG넥스원 공개채용,엘아이지넥스원㈜,https://www.jobkorea.co.kr/Recruit/GI_Read/39896159?Oem_Code=C1&logpath=1&stext=파이썬&listno=13,대전 전지역 외,~10/23(일),"['신입·경력', '대졸↑', '정규직']","기계, 메카트로닉스, 데이터베이스, DBA, MS-SQL, MySQL, Oracle, 데이터마이닝, 네트워크관리, 네트워크엔지니어, 보안관리, 서버관리자, 시스템운영, Linux, Unix, Windows, 응용프로그래머, 전산전공, 증강현실, C, C#, C#Builder, C++, C++Builder, Java, Linux, Oracle, Python, SQL, 유지보수, 펌웨어, 하드웨어, 소프트웨어, 품질, 품질검사, 품질관리, 품질보증, 기계, 기계설계, 기구설계, 전기설계, AutoCad, CAD, CAM, 구조, 기계설비, 품질관리, 전기·전자, 정보통신·IT, 로봇·자동화, 신소재개발, 연구·실험·기술"
JB(주)(구 중부도시가스) 2022년 하반기 신입/경력직 채용,제이비㈜,https://www.jobkorea.co.kr/Recruit/GI_Read/39891081?Oem_Code=C1&logpath=1&stext=파이썬&listno=14,충남,~10/14(금),"['신입·경력', '대졸↑', '정규직']","제이비㈜, 가스설비, 결산, 경영지원, 관리회계, 급여관리, 더존, 부가세신고, 세무, 원가회계, 전산회계, 회계, 회계감사, SQL, 데이터마이닝, 네트워크관리, 시스템운영, Linux, Unix, Windows, 웹프로그래머, Java, C#, Java, Linux, Oracle, Python, SQL, Unix, Windows, 모델링, 시스템분석, 시스템설계, 시스템엔지니어, 튜닝, DBA, Python, 인공지능(AI), 빅데이터, 자연어처리(NLP), 건설안전, 산업안전, 시설관리, 안전, 가스점검"
어보브반도체 부문별 신입/경력직 채용,어보브반도체㈜,https://www.jobkorea.co.kr/Recruit/GI_Read/39886619?Oem_Code=C1&logpath=1&stext=파이썬&listno=15,충북 청주시 외,~10/20(목),"['신입·경력', '대졸↑', '정규직']","Android, MCU, 반도체, 반도체장비, 회로설계, IC설계, SoC, 기획, 사업기획, 서비스기획, 전략, 타당성분석, 결산, 경영지원, 더존, 회계, 재무회계, 주식IR, 마케팅, 마케팅기획, 바이럴마케팅, 시장분석, 업무제휴, 외자구매, 원부자재관리, 자재관리, 바이어관리, 수출입계약, 영어, 중국어, 해외영업, 상품기획, 신상품개발, 기술영업, 장비영업, 기술지원, 반도체영업, 거래처관리, 고객관리, 납품관리, 영업지원, 외주관리, 고객응대, 고객지원, CS, 응용프로그래머, C, C#, C++, Python, VisualC, 시스템프로그래머, 어셈블리, 임베디드, 펌웨어, 시스템분석, 시스템설계, 시스템엔지니어, 요구분석, Python, 인공지능(AI), 데이터분석, 소프트웨어, 생산관리, 원가관리, 품질, 품질검사, 품질관리, 품질보증, 기구설계, 기술연구소, 기술직, 디스플레이, 반도체, 생산기술, 연구관리, 연구원, 전기·전자, 제어, 제품개발, 회로설계, 공정엔지니어, 설계엔지니어, 어셈블리, 임베디드, 전기·전자회로, 테스트엔지니어, 펌웨어, 품질엔지니어, 회로설계, Analog, RF, 통신기술, 번역, 영어, 중국어, 통역, 전기·전자, 반도체·LCD, 연구·실험·기술"
[LG그룹]스마트팩토리 /IT인프라 인재채용(미국 근무 예정),㈜비즈테크아이,https://www.jobkorea.co.kr/Recruit/GI_Read/39867430?Oem_Code=C1&logpath=1&stext=파이썬&listno=16,충북 청주시 외,~10/18(화),"['경력4년↑', '대졸↑', '정규직 외']","스마트팩토리, FMS, IT솔루션, MES, QMS, 소프트웨어개발, 솔루션, ERP, 리눅스, Windows, MS-SQL, MySQL, SQL, 네트워크관리, 네트워크엔지니어, 서버관리자, 서버구축, 시스템운영, Linux, Windows, 웹프로그래머, Java, MS-SQL, MySQL, Python, SQL, C#, Java, Linux, Oracle, Python, SQL, Windows, 시스템프로그래머, 시스템분석, 시스템설계, 시스템엔지니어, Python, 빅데이터, 데이터분석, 하드웨어, 소프트웨어, 정보통신·IT, 로봇·자동화"
2022년 하반기 KT&G 6급/원급/9급 신입사원 및 경력사원 모집,㈜케이티앤지,https://www.jobkorea.co.kr/Recruit/GI_Read/39907272?Oem_Code=C1&logpath=1&stext=파이썬&listno=17,대전,~10/28(금),"['신입·경력1년↑', '정규직', '대전 외']","고분자, 공조냉동기계, 브랜드디자인, 사회조사분석사, 산업안전산업기사, 안전공학, 에너지관리, BEMS, 보건공학, 동물실험 또는 동물실험실, 흡입의약품연구, 공공기관, 공기업, 공사, 수질환경, 폐기물처리, 화학, 환경, 교육, 인사, HRD, PHR·국제인사, 재무회계, 하드웨어, 소프트웨어, 회로, 건축, 생명공학, 에너지, 연구원, 제품개발, 플라스틱·PVC, 화학, 환경, R&D, 전기, 전기·전자회로, Analog, Digital, PCB, PLC, RF, 2D, 3D설계, 기구설계, AutoCad, 제약, 의약품, 유전공학, 제품디자인, 패키지디자인, 광고디자인, 시각디자인, 건축설계, 건축시공, 건설안전, 공조냉동, 산업안전, 소방설비, 전기공사, 가스점검, 대기환경, 수질환경, 폐기물처리, 부동산, 부동산개발, 부동산시행, 산업안전기사, 변호사, 심리상담, 심리치료사, 회계, 생명공학, 전기·전자, 정보통신·IT, 환경, 신소재개발, 의료·제약"
하반기 각 부문 정규직 모집,한국갤럽조사연구소,https://www.jobkorea.co.kr/Recruit/GI_Read/39893845?Oem_Code=C1&logpath=1&stext=파이썬&listno=18,대전 중구 외,~10/21(금),"['신입·경력1년↑', '학력무관', '정규직']","조사분석, 기획조사, 마케팅, 마케팅기획, 바이럴마케팅, 데이터베이스, DB2, DBA, DW, MS-SQL, MySQL, OCP, Sybase, 데이터마이닝, 온라인마케팅, .NET, 웹프로그래머, APM, asp, 안드로이드, 액션스크립트, 응용프로그래머, 증강현실, 플래시APP, ActiveX, API, ASP.NET, C, C#Builder, C++, CTI, Unix, 시스템프로그래머, 어셈블리, 임베디드, 펌웨어, 설문조사, 시장조사, 조사분석, 통계, SPSS"
한국전자금융㈜ 각 부문 신입/경력 직원 채용,한국전자금융㈜,https://www.jobkorea.co.kr/Recruit/GI_Read/39837878?Oem_Code=C1&logpath=1&stext=파이썬&listno=19,대전 전지역 외,~10/13(목),"['신입·경력', '학력무관', '계약직']","모바일앱개발, 소프트웨어개발, 솔루션, ISP, 자동차영업, 제안·컨설팅, 아이폰, 안드로이드, Linux, Windows, 자동차정비"
2022 하반기 신입사원 채용,코웨이㈜,https://www.jobkorea.co.kr/Recruit/GI_Read/39934007?Oem_Code=C1&logpath=1&stext=파이썬&listno=20,충남 공주시 외,~10/25(화),"['신입', '대졸↑', '정규직']","국내영업, 기획, 생산관리, 인사, CS, 소프트웨어, 백엔드개발, 상품개발, 서비스개발, 온라인영업, GIT, Kotlin, 구매관리, SCM, 상품기획, 영업관리, 영업기획, 빅데이터, 데이터분석, 정보통신·IT, 3D설계, catia"
[아드반테스트코리아] 2022년 하반기 경력/신입사원 채용,아드반테스트코리아㈜,https://www.jobkorea.co.kr/Recruit/GI_Read/39911363?Oem_Code=C1&logpath=1&stext=파이썬&listno=21,충남 천안시 외,~10/30(일),"['신입·경력3년↑', '대졸↑', '정규직 외']","알고리즘, 인터페이스, 반도체장비, 국내영업, 기술영업, 기술영업, 기술지원, 반도체영업, 신기술영업, 고객관리, 영업관리, 영업지원, 외주관리, 검증, 리눅스, 유닉스, 테스터, QA, Java, Python, Java, Python, 임베디드, 펌웨어, PLC, 자바스크립트, 품질, 품질관리, 품질보증, QA, 생산기술, 메카트로닉스, 연구관리, 연구원, 전기·전자, 회로설계, LCD, LED·AMOLED, PCB, R&D, 설계엔지니어, 유지보수, 전기, 전기·전자회로, 테스트엔지니어, 회로설계, 기구설계, 전기설계, Pro-e, 기술지원, 유지보수, 전기·전자, 연구·실험·기술, 제조·공정"
포항공과대학교 포항가속기연구소 정규직 직원 채용[행정직],포항공대가속기연구소,https://www.jobkorea.co.kr/Recruit/GI_Read/39895581?Oem_Code=C1&logpath=1&stext=파이썬&listno=22,대전,~10/26(수),"['신입·경력', '대졸↑', '정규직']","QT, 빔라인, 공공기관, 공기업, 국립대학교, 관리, 문서수발, 비품관리, 사무관리, 사무행정, 시설관리, 자산관리, 목표관리, 인재개발, 직무분석, 문서관리, 문서작성, 사무보조, 전산입력, 경리, 경영지원, 세무, 판매관리, ABAP, Application, ASP.NET, C, C#, C++, C++Builder, Linux, PowerBuilder, Pro-C, Python, Unix, VB.NET, VisualC++, Win32, 가상현실, 기계, 기구설계, 연구관리, 연구원, 기구설계, 기술연구소, 기술직, 디스플레이, 메카트로닉스, 반도체, 생산기술, 연구관리, 연구원, 전기·전자, 정보통신·IT, 제어, 제품개발, 터치스크린, 회로설계, LCD, LED·AMOLED, R&D, 기구설계, 기술연구소, 기술직, 생명공학, 실험, 연구관리, 연구원, 제품개발, 환경, R&D, 검사, 기술지원, 설치, 수리, 유지보수, 정비, A·S, 영어, TEPS, TESOL, TOEFL, TOEIC"
2022년 한국유미코아 각 부문별 연구소/ 엔지니어 채용,한국유미코아 유한책임회사,https://www.jobkorea.co.kr/Recruit/GI_Read/39947030?Oem_Code=C1&logpath=1&stext=파이썬&listno=23,충남 천안시,~10/31(월),"['신입·경력', '대졸↑', '정규직']","전기, 전기기술, 전자, 제어, 교육, 인사, 인사통합, 인재개발, 내부통제, 재무, 재무기획, 재무회계, 공정관리, 자재관리, 품질, 품질검사, 품질관리, 품질보증, 전기·전자, 연구·실험·기술, 제조·공정, 화학·섬유"
SK하이닉스시스템아이씨㈜ 각 부문 신입 및 경력 직원 채용,SK하이닉스시스템아이씨㈜,https://www.jobkorea.co.kr/Recruit/GI_Read/39911432?Oem_Code=C1&logpath=1&stext=파이썬&listno=24,충북 청주시 외,~10/18(화),"['신입·경력3년↑', '대졸↑', '정규직']","연구개발, C-language, pearl, 자동제어, 전기, 전기기사, 전기기술, 전기설계, 교수설계, 교육기획, 급여관리, 노사관리, 성과관리, 인사, 인사기획, 인사통합, 직무분석, MBO, 광고기획, 마케팅, 마케팅기획, 바이럴마케팅, 브랜딩, 시장분석, 업무제휴, 프로모션, AE, 웹프로그래머, Java, MySQL, Python, 응용프로그래머, C, C#, Linux, Oracle, Python, 기술연구소, 디스플레이, 반도체, 연구관리, 연구원, 전기·전자, 제어, 제품개발, 회로설계, 유지보수, 전기, 전기·전자회로, 전기설비, 하드웨어, 회로설계, 반도체·LCD"
2022년 R&D분야 신입석사 채용(17차) - 무선망(5G) AI제어 기술개발,케이티,https://www.jobkorea.co.kr/Recruit/GI_Read/39911318?Oem_Code=C1&logpath=1&stext=파이썬&listno=25,대전 서구,~10/28(금),"['신입', '석사↑', '정규직']","회로설계, 서비스개발, 메타버스, GPT, 데이터베이스, C, C++, Embedded, Java, Python, Python, 인공지능(AI), 머신러닝(ML), 딥러닝, 자연어처리(NLP), 펌웨어, 소프트웨어, 3D설계, 로봇·자동화"
2022년 R&D분야 신입석사 채용(17차) - 네트워크 AI Core 기술 개발,케이티,https://www.jobkorea.co.kr/Recruit/GI_Read/39911231?Oem_Code=C1&logpath=1&stext=파이썬&listno=26,대전 서구,~10/28(금),"['신입', '석사↑', '정규직']","회로설계, 서비스개발, 메타버스, GPT, 데이터베이스, C, C++, Embedded, Java, Python, Python, 인공지능(AI), 머신러닝(ML), 딥러닝, 자연어처리(NLP), 펌웨어, 소프트웨어, 3D설계, 로봇·자동화"
한국자동차연구원 2022년도 12월 별정직(계약직) 직원 모집,한국자동차연구원,https://www.jobkorea.co.kr/Recruit/GI_Read/39905873?Oem_Code=C1&logpath=1&stext=파이썬&listno=27,충남 천안시 외,~10/21(금),"['신입·경력', '초대졸↑', '계약직']","자동제어, 전기, 전기기술, 전기제어, 전자, 제어, Firmware, FPCB, 자동차, 자동차부품, 기획, 사업기획, 서비스기획, 전략, 관리, 특허업무, 홍보, 홍보기획, 해외마케팅, 무역영어, 시스템운영, 웹기획, 웹서비스기획, 컨텐츠기획, 통계·로그분석, 웹프로그래머, MS-SQL, MySQL, Python, .NET, 응용프로그래머, 전산전공, API, Application, C, Embedded, Java, Linux, Oracle, Python, SQL, Unix, 가상현실, 시스템프로그래머, 임베디드, 시스템분석, 시스템설계, 시스템엔지니어, 인공지능(AI), 빅데이터, 데이터분석, 소프트웨어, 안전, 품질, 품질검사, 품질관리, 품질보증, 환경관리, QA, 건축, 기계, 기구설계, 기술연구소, 기술직, 메카트로닉스, 생산기술, 연구관리, 제품개발, R&D, 기술직, 생산기술, 연구원, PCB, R&D, 전기, 전기·전자회로, 테스트엔지니어, 펌웨어, 회로설계, FAE, FPGA, OrCAD, RF, 무선통신, 정보통신, 바이오, 건설안전, 산업안전, 안전, 산업안전, 안전, 변리사, 특허출원, 전기·전자, 정보통신·IT, 환경, 기계·자동차, 로봇·자동화, 반도체·LCD, 연구·실험·기술"
2022년 R&D분야 신입석사 채용 (17차),케이티,https://www.jobkorea.co.kr/Recruit/GI_Read/39910310?Oem_Code=C1&logpath=1&stext=파이썬&listno=28,대전 서구 외,~10/28(금),"['신입·경력', '석사↑', '정규직']","회로설계, 서비스개발, 메타버스, GPT, 데이터베이스, C, C++, Embedded, Java, Python, Python, 인공지능(AI), 머신러닝(ML), 딥러닝, 자연어처리(NLP), 펌웨어, 소프트웨어, 3D설계, 로봇·자동화"
소프트웨어 개발분야(컴퓨터 전공) 신입 및 경력 모집,케이엠아이시스템㈜,https://www.jobkorea.co.kr/Recruit/GI_Read/39895727?Oem_Code=C1&logpath=1&stext=파이썬&listno=29,충북 충주시 외,~11/05(토),"['신입·경력3년↑', '초대졸↑', '정규직']","전기제어, 전자계산, labview, 자동제어, 전기, 전자계산, 전자회로, PLC, C, C#, C++, Delphi, Python, 소프트웨어, 설계엔지니어, 전기, 전기·전자회로, 테스트엔지니어"
2022년 10월 경력사원 모집 (제조지능화센터-제조지능화 기획),LG에너지솔루션,https://www.jobkorea.co.kr/Recruit/GI_Read/39892757?Oem_Code=C1&logpath=1&stext=파이썬&listno=30,충북 청주시,~10/18(화),"['경력', '충북', '충북 청주시']","인사, 기술개발, 설비관리, 시스템개발, 예지보전, 제조지능화기획, 기획, 전략, 특허업무, 마케팅, C#, C++, Python, SAP, Python, 인공지능(AI), 빅데이터, 머신러닝(ML), 딥러닝, R, 데이터분석, 공정관리, 생산관리"
2022년 10월 경력사원 모집 (제조지능화센터-예지보전),LG에너지솔루션,https://www.jobkorea.co.kr/Recruit/GI_Read/39892696?Oem_Code=C1&logpath=1&stext=파이썬&listno=31,충북 청주시 외,~10/18(화),"['경력', '충북 외', '충북 청주시 외']","인사, 기술개발, 설비관리, 시스템개발, 예지보전, 제조지능화기획, 기획, 전략, 특허업무, 마케팅, C#, C++, Python, SAP, Python, 인공지능(AI), 빅데이터, 머신러닝(ML), 딥러닝, R, 데이터분석, 공정관리, 생산관리"
2022년 10월 경력사원 모집 (제조지능화센터-공정제어/설비제어),LG에너지솔루션,https://www.jobkorea.co.kr/Recruit/GI_Read/39892643?Oem_Code=C1&logpath=1&stext=파이썬&listno=32,충북 청주시 외,~10/18(화),"['경력', '충북 외', '충북 청주시 외']","인사, 기술개발, 설비관리, 시스템개발, 예지보전, 제조지능화기획, 기획, 전략, 특허업무, 마케팅, C#, C++, Python, SAP, Python, 인공지능(AI), 빅데이터, 머신러닝(ML), 딥러닝, R, 데이터분석, 공정관리, 생산관리"
2022년 10월 경력사원 모집 (제조지능화센터-AI),LG에너지솔루션,https://www.jobkorea.co.kr/Recruit/GI_Read/39892579?Oem_Code=C1&logpath=1&stext=파이썬&listno=33,충북 청주시 외,~10/18(화),"['경력', '충북 외', '충북 청주시 외']","인사, 기술개발, 설비관리, 시스템개발, 예지보전, 제조지능화기획, 기획, 전략, 특허업무, 마케팅, C#, C++, Python, SAP, Python, 인공지능(AI), 빅데이터, 머신러닝(ML), 딥러닝, R, 데이터분석, 공정관리, 생산관리"
2022년 10월 경력사원 모집 (제조지능화센터-MLOps),LG에너지솔루션,https://www.jobkorea.co.kr/Recruit/GI_Read/39892527?Oem_Code=C1&logpath=1&stext=파이썬&listno=34,충북 청주시 외,~10/18(화),"['경력', '충북 외', '충북 청주시 외']","인사, 기술개발, 설비관리, 시스템개발, 예지보전, 제조지능화기획, 기획, 전략, 특허업무, 마케팅, C#, C++, Python, SAP, Python, 인공지능(AI), 빅데이터, 머신러닝(ML), 딥러닝, R, 데이터분석, 공정관리, 생산관리"
2022년 10월 경력사원 모집 (제조지능화센터-빅데이터 분석),LG에너지솔루션,https://www.jobkorea.co.kr/Recruit/GI_Read/39892474?Oem_Code=C1&logpath=1&stext=파이썬&listno=35,충북 청주시 외,~10/18(화),"['경력', '충북 외', '충북 청주시 외']","인사, 기술개발, 설비관리, 시스템개발, 예지보전, 제조지능화기획, 기획, 전략, 특허업무, 마케팅, C#, C++, Python, SAP, Python, 인공지능(AI), 빅데이터, 머신러닝(ML), 딥러닝, R, 데이터분석, 공정관리, 생산관리"
2022년 10월 경력사원 모집 (제조지능화센터-지능화기반 구축),LG에너지솔루션,https://www.jobkorea.co.kr/Recruit/GI_Read/39892399?Oem_Code=C1&logpath=1&stext=파이썬&listno=36,충북 청주시,~10/18(화),"['경력', '충북', '충북 청주시']","인사, 기술개발, 설비관리, 시스템개발, 예지보전, 제조지능화기획, 기획, 전략, 특허업무, 마케팅, C#, C++, Python, SAP, Python, 인공지능(AI), 빅데이터, 머신러닝(ML), 딥러닝, R, 데이터분석, 공정관리, 생산관리"
2022년 10월 경력사원 모집 (제조지능화센터-기준정보 시스템),LG에너지솔루션,https://www.jobkorea.co.kr/Recruit/GI_Read/39891956?Oem_Code=C1&logpath=1&stext=파이썬&listno=37,충북 청주시,~10/18(화),"['경력', '충북', '충북 청주시']","인사, 기술개발, 설비관리, 시스템개발, 예지보전, 제조지능화기획, 기획, 전략, 특허업무, 마케팅, C#, C++, Python, SAP, Python, 인공지능(AI), 빅데이터, 머신러닝(ML), 딥러닝, R, 데이터분석, 공정관리, 생산관리"
2022년 10월 경력사원 모집 (제조지능화센터-설비환경 시스템),LG에너지솔루션,https://www.jobkorea.co.kr/Recruit/GI_Read/39891900?Oem_Code=C1&logpath=1&stext=파이썬&listno=38,충북 청주시,~10/18(화),"['경력', '충북', '충북 청주시']","인사, 기술개발, 설비관리, 시스템개발, 예지보전, 제조지능화기획, 기획, 전략, 특허업무, 마케팅, C#, C++, Python, SAP, Python, 인공지능(AI), 빅데이터, 머신러닝(ML), 딥러닝, R, 데이터분석, 공정관리, 생산관리"
2022년 10월 경력사원 모집 (제조지능화센터-생산실행 시스템 구축/운영),LG에너지솔루션,https://www.jobkorea.co.kr/Recruit/GI_Read/39891813?Oem_Code=C1&logpath=1&stext=파이썬&listno=39,충북 청주시,~10/18(화),"['경력', '충북', '충북 청주시']","인사, 기술개발, 설비관리, 시스템개발, 예지보전, 제조지능화기획, 기획, 전략, 특허업무, 마케팅, C#, C++, Python, SAP, Python, 인공지능(AI), 빅데이터, 머신러닝(ML), 딥러닝, R, 데이터분석, 공정관리, 생산관리"
2022년 10월 경력사원 모집 (제조지능화센터-R&D 시스템),LG에너지솔루션,https://www.jobkorea.co.kr/Recruit/GI_Read/39891728?Oem_Code=C1&logpath=1&stext=파이썬&listno=40,대전 유성구,~10/18(화),"['경력', '대전', '대전 유성구']","인사, 기술개발, 설비관리, 시스템개발, 예지보전, 제조지능화기획, 기획, 전략, 특허업무, 마케팅, C#, C++, Python, SAP, Python, 인공지능(AI), 빅데이터, 머신러닝(ML), 딥러닝, R, 데이터분석, 공정관리, 생산관리"
2022년 10월 경력사원 모집 (제조지능화센터-데이터 분석 시스템),LG에너지솔루션,https://www.jobkorea.co.kr/Recruit/GI_Read/39891664?Oem_Code=C1&logpath=1&stext=파이썬&listno=41,충북 청주시 외,~10/18(화),"['경력', '충북 외', '충북 청주시 외']","인사, 기술개발, 설비관리, 시스템개발, 예지보전, 제조지능화기획, 기획, 전략, 특허업무, 마케팅, C#, C++, Python, SAP, Python, 인공지능(AI), 빅데이터, 머신러닝(ML), 딥러닝, R, 데이터분석, 공정관리, 생산관리"
2022년 10월 경력사원 모집 (제조지능화센터-품질 시스템),LG에너지솔루션,https://www.jobkorea.co.kr/Recruit/GI_Read/39891614?Oem_Code=C1&logpath=1&stext=파이썬&listno=42,충북 청주시 외,~10/18(화),"['경력', '충북 외', '충북 청주시 외']","인사, 기술개발, 설비관리, 시스템개발, 예지보전, 제조지능화기획, 기획, 전략, 특허업무, 마케팅, C#, C++, Python, SAP, Python, 인공지능(AI), 빅데이터, 머신러닝(ML), 딥러닝, R, 데이터분석, 공정관리, 생산관리"
2022년 10월 경력사원 모집 (제조지능화센터-공정 시스템),LG에너지솔루션,https://www.jobkorea.co.kr/Recruit/GI_Read/39891565?Oem_Code=C1&logpath=1&stext=파이썬&listno=43,충북 청주시 외,~10/18(화),"['경력', '충북 외', '충북 청주시 외']","인사, 기술개발, 설비관리, 시스템개발, 예지보전, 제조지능화기획, 기획, 전략, 특허업무, 마케팅, C#, C++, Python, SAP, Python, 인공지능(AI), 빅데이터, 머신러닝(ML), 딥러닝, R, 데이터분석, 공정관리, 생산관리"
2022년 10월 경력사원 모집 (제조지능화센터),LG에너지솔루션,https://www.jobkorea.co.kr/Recruit/GI_Read/39891406?Oem_Code=C1&logpath=1&stext=파이썬&listno=44,충북 청주시 외,~10/18(화),"['경력', '충북 외', '충북 청주시 외']","인사, 기술개발, 설비관리, 시스템개발, 예지보전, 제조지능화기획, 기획, 전략, 특허업무, 마케팅, C#, C++, Python, SAP, Python, 인공지능(AI), 빅데이터, 머신러닝(ML), 딥러닝, R, 데이터분석, 공정관리, 생산관리"
도미노피자 각부문(자회사/관계사포함) 공개채용,도미노피자(청오디피케이),https://www.jobkorea.co.kr/Recruit/GI_Read/39860503?Oem_Code=C1&logpath=1&stext=파이썬&listno=45,충남 천안시 외,~11/01(화),"['신입·경력', '학력무관', '정규직 외']","UI·UX디자인, 프랜차이즈, 피자점, 소프트웨어개발, 모바일, 총무, 광고기획, 마케팅, 마케팅기획, 바이럴마케팅, 브랜딩, 시장분석, 업무제휴, 프로모션, 물류, 영어, 해외마케팅, 배송, 물류관리, 상품입출고, 재고관리, SCM, 납품관리, 매출관리, 매장관리, 매장시설관리, 매출관리, 재고관리, 판매관리, 홀써빙, DBA, SQL, 데이터마이닝, 네트워크관리, 네트워크엔지니어, 보안관리, 보안기술, 서버관리자, 서버구축, 시스템운영, Linux, Unix, 모바일기획, 웹기획, 웹서비스기획, 정보설계, 컨텐츠기획, UI설계, 바이럴마케팅, 온라인마케팅, 웹광고기획, 웹프로모션, 웹프로그래머, MS-SQL, MySQL, Python, 응용프로그래머, 전산전공, API, C, Java, Linux, Oracle, Python, SQL, Unix, 웹사이트운영, 카페·블로그관리, 컨텐츠개발, 컨텐츠관리, 컨텐츠에디터, 자바스크립트, CSS, UI·UX, 모바일UI, 웹UI, 일러스트레이터, HTML, UI·UX디자인, 시스템분석, 시스템설계, 시스템엔지니어, DBA, Python, 빅데이터, 데이터분석, 생산, 생산관리, 품질관리, HACCP, ISO, QA, 기계, 설비, 요리사, 조리사, 주방장, 중식, Chef, 서빙"
(주)한백전자 인공지능 분야 연구원 모집,(주)한백전자,https://www.jobkorea.co.kr/Recruit/GI_Read/39716536?Oem_Code=C1&logpath=1&stext=파이썬&listno=46,대전 유성구,~10/19(수),"['신입·경력', '대졸↑', '정규직']","Python, 인공지능(AI), 머신러닝(ML), 딥러닝, tensorflow, 소프트웨어, 임베디드"
[공개채용] (주)지니 솔루션 사업부(개발자/ 퍼블리셔/ 디자이너/ 모바일 기획 및 전략) 공개채용,㈜지니,https://www.jobkorea.co.kr/Recruit/GI_Read/39607067?Oem_Code=C1&logpath=1&stext=파이썬&listno=47,대전 서구,~12/06(화),"['경력3년↑', '학력무관', '정규직']","연구소, 조사분석, 컨설팅, .NET, HTML, Java, MySQL, SQL, 아이폰, 안드로이드, API, Linux, Python, 포토샵, CSS, UI·UX디자인"
"홈페이지(wordpress), 블로그, SNS 마케팅 담당자 모집",㈜시큐레이어,https://www.jobkorea.co.kr/Recruit/GI_Read/39552165?Oem_Code=C1&logpath=1&stext=파이썬&listno=48,대전 서구 외,~10/31(월),"['경력3년↑', '초대졸↑', '정규직']","기술연구소, 리눅스, 정보처리기사, 로그분석시스템, 보안솔루션, 보안솔루션 구축, 빅데이터분석, 보안소프트웨어, 정보보안, MS-SQL, MySQL, Oracle, 데이터마이닝, 보안관제, 정보보안, 통계·로그분석, UI설계, Python, 인공지능(AI), 빅데이터, 딥러닝, tensorflow"
S/W 개발자 모집,엠아이큐브솔루션㈜,https://www.jobkorea.co.kr/Recruit/GI_Read/39500923?Oem_Code=C1&logpath=1&stext=파이썬&listno=49,충남 전지역 외,~11/24(목),"['경력2년↑', '학력무관', '정규직']","소프트웨어개발, HTML, Java, Python, C#, Java, Oracle, Python, Python, 인공지능(AI), 머신러닝(ML), R, tensorflow"
[기술연구소] Java 기반 Web Application 개발자 채용,㈜시큐레이어,https://www.jobkorea.co.kr/Recruit/GI_Read/39426858?Oem_Code=C1&logpath=1&stext=파이썬&listno=50,대전 서구 외,~10/18(화),"['신입·경력2년↑', '초대졸↑', '정규직']","기술연구소, 리눅스, 정보처리기사, 로그분석시스템, 보안솔루션, 보안솔루션 구축, 빅데이터분석, 보안소프트웨어, 정보보안, MS-SQL, MySQL, Oracle, 데이터마이닝, 보안관제, 정보보안, 통계·로그분석, UI설계, Python, 인공지능(AI), 빅데이터, 딥러닝, tensorflow"
경력사원 채용 (Cloud운영/CDN/HRD/구매 분야),㈜케이티클라우드,https://www.jobkorea.co.kr/Recruit/GI_Read/39946140?Oem_Code=C1&logpath=1&stext=파이썬&listno=51,충남 천안시 외,~10/16(일),"['경력', '대졸↑', '정규직']","CDN, 구매전략, 사업관리, Cloud, IT인프라, VDI, 교육, 교육기획, 교육훈련, 인사, 구매관리, 자재구매기획, 기술지원, 네트워크관리, 네트워크엔지니어, 방화벽, 보안관리, 서버관리자, 서버구축, Linux, Windows, MS-SQL, 하드웨어, 소프트웨어"
응용소프트웨어 개발 / 앱 개발 모집,㈜바이오니아,https://www.jobkorea.co.kr/Recruit/GI_Read/39944956?Oem_Code=C1&logpath=1&stext=파이썬&listno=52,대전 유성구,~11/06(일),"['경력3년↑', '대졸↑', '정규직']","바이오, 생명공학, 의료기기, 의약, 아이폰, 안드로이드, API, Application, Windows"
어드밴텍케이알㈜ 신입/경력 채용,어드밴텍케이알㈜,https://www.jobkorea.co.kr/Recruit/GI_Read/39925642?Oem_Code=C1&logpath=1&stext=파이썬&listno=53,충북 청주시 외,~10/23(일),"['신입·경력', '학력무관', '정규직']","유지보수, 컴퓨터, 하드웨어, 기술영업, 일반영업, 기술영업, 기술지원, 네트워크영업, 웹사이트구축영업, 매출관리, 영업관리, 영업기획, 영업지원"
2022 하반기 신입사원 채용(생산(생산기술)),코웨이㈜,https://www.jobkorea.co.kr/Recruit/GI_Read/39934900?Oem_Code=C1&logpath=1&stext=파이썬&listno=54,충남 공주시,~10/25(화),"['신입', '대졸↑', '정규직']","국내영업, 기획, 생산관리, 인사, CS, 소프트웨어, 백엔드개발, 상품개발, 서비스개발, 온라인영업, GIT, Kotlin, 구매관리, SCM, 상품기획, 영업관리, 영업기획, 빅데이터, 데이터분석, 정보통신·IT, 3D설계, catia"
2022년 10월 경력사원 모집 (품질) - 개발신뢰성,LG에너지솔루션,https://www.jobkorea.co.kr/Recruit/GI_Read/39931254?Oem_Code=C1&logpath=1&stext=파이썬&listno=55,충북 청주시,~10/17(월),"['경력', '충북', '충북 청주시']","유지보수, 품질, 품질검사, 품질관리, 품질보증, 반도체, 기계·자동차"
2022년 10월 경력사원 모집 (품질),LG에너지솔루션,https://www.jobkorea.co.kr/Recruit/GI_Read/39927975?Oem_Code=C1&logpath=1&stext=파이썬&listno=56,대전 유성구 외,~10/17(월),"['경력', '대전 외', '대전 유성구 외']","유지보수, 품질, 품질검사, 품질관리, 품질보증, 반도체, 기계·자동차"
2022년 하반기 신입/경력 수시 채용,슈어소프트테크㈜,https://www.jobkorea.co.kr/Recruit/GI_Read/39878475?Oem_Code=C1&logpath=1&stext=파이썬&listno=57,대전 전지역 외,~11/04(금),"['신입·경력2년↑', '초대졸↑', '정규직']","소프트웨어개발, 솔루션, 데이터베이스, 데이터마이닝, C, C#, C++, Java, Linux, 시스템프로그래머, 임베디드, UI·UX, 시스템분석, 시스템설계, 시스템엔지니어, 인공지능(AI), 빅데이터, 머신러닝(ML), 딥러닝, 데이터분석, 하드웨어, 소프트웨어, 기술연구소, 기술직, 연구관리, 연구원, 제어, 임베디드, 하드웨어, 기계·자동차, 로봇·자동화"
[공개채용] 2022년 (주)지니 하반기 공개채용,㈜지니,https://www.jobkorea.co.kr/Recruit/GI_Read/39876543?Oem_Code=C1&logpath=1&stext=파이썬&listno=58,대전 유성구 외,~10/14(금),"['신입·경력', '학력무관', '정규직']","연구소, 조사분석, 컨설팅, 국내영업, 기술영업, 법인영업, 일반영업, 기술지원, 솔루션영업, 시스템영업, 거래선개발관리, 고객관리, 영업지원, 기술영업, 법인영업, 일반영업, 고객상담, 고객지원"
22년 10월 쿠첸 공개모집 채용 공고,쿠첸,https://www.jobkorea.co.kr/Recruit/GI_Read/39844241?Oem_Code=C1&logpath=1&stext=파이썬&listno=59,충남 천안시 외,~10/16(일),"['신입·경력5년↑', '학력무관', '정규직']","제품개발, 하드웨어"
2022년 R&D분야 경력/박사 채용(16차),케이티,https://www.jobkorea.co.kr/Recruit/GI_Read/39839405?Oem_Code=C1&logpath=1&stext=파이썬&listno=60,대전 서구 외,~10/28(금),"['경력', '대졸↑', '정규직']","5G, 교통관리, 음성기술, HEVC, NLU, 운항기술개발, C++, Linux, Unix, Windows, 인공지능(AI), 빅데이터, 딥러닝, tensorflow, 자연어처리(NLP), 펌웨어, 소프트웨어, 로봇·자동화"
(주)에이치비테크놀러지 머신비전/영상처리 알고리즘 개발자,㈜에이치비테크놀러지,https://www.jobkorea.co.kr/Recruit/GI_Read/39783517?Oem_Code=C1&logpath=1&stext=파이썬&listno=61,충남 아산시,~10/26(수),"['신입·경력', '대졸↑', '정규직']","광학검사장비, 머신비전, 영상처리, 영상처리 알고리즘, 이미지 프로세싱, 자동화 장비, 컴퓨터비전, Image Processing, VISION, LCD, LED, 유지보수, 소프트웨어"
2022년 쌍용정보통신 경력직 공개채용,쌍용정보통신㈜,https://www.jobkorea.co.kr/Recruit/GI_Read/39684250?Oem_Code=C1&logpath=1&stext=파이썬&listno=62,대전,~12/14(수),"['경력', '학력무관', '정규직']","제안서, 소프트웨어개발, 솔루션, BigData, NI, SI, 사업기획, 사업제휴, 신규사업·BD, 전략, Excel, PowerPoint, 영업관리, 영업기획, 영업지원, 데이터베이스, MS-SQL, MySQL, Oracle, SQL, 데이터마이닝, 네트워크관리, 네트워크엔지니어, 보안관리, 보안관제, 보안기술, 정보보안, Cisco, 제안·컨설팅, PM, MS-SQL, SQL, 응용프로그래머, API, Application, C, C#, C++, Java, Linux, Oracle, SQL, 시스템설계, 시스템엔지니어, 빅데이터, 하둡(Hadoop), 데이터분석, 하드웨어, 품질, 품질검사, 품질관리, 품질보증, 하드웨어, 네트워크엔지니어"
[IMBdx] 생명정보학(BI) 전문가 모집 -선행기술 개발,㈜아이엠비디엑스,https://www.jobkorea.co.kr/Recruit/GI_Read/39228094?Oem_Code=C1&logpath=1&stext=파이썬&listno=63,대전 서구 외,~10/30(일),"['경력무관', '석사↑', '정규직']","바이오, 바이오, 의료, 임상개발, 유전공학"
2022년 하반기 (주)트렌토 시스템즈  소프트웨어 개발자 채용,㈜트렌토 시스템즈,https://www.jobkorea.co.kr/Recruit/GI_Read/39922369?Oem_Code=C1&logpath=1&stext=파이썬&listno=64,대전 유성구,~01/08(일),"['경력무관', '초대졸↑', '정규직']","네트워크엔지니어, Linux, Java, jsp, Python"
충북대학교병원 국책과제 개별고용연구원 채용 (의료AI),충북대학교병원,https://www.jobkorea.co.kr/Recruit/GI_Read/39890704?Oem_Code=C1&logpath=1&stext=파이썬&listno=65,충북 청주시,~12/05(월),"['신입·경력1년↑', '대졸↑', '계약직']","공공기관, 공기업, Python, 인공지능(AI), 빅데이터, 딥러닝"
웹 개발경력,DS소프트,https://www.jobkorea.co.kr/Recruit/GI_Read/39885792?Oem_Code=C1&logpath=1&stext=파이썬&listno=66,충북 청주시 외,~10/31(월),"['경력2년↑', '대졸↑', '정규직']","모바일앱개발, 소프트웨어개발, 솔루션, 웹프로그래머, MySQL, php, Python, 머신러닝(ML), 챗봇(Chatbot)"
응용프로그램 개발자 신입 및 경력을 모집합니다.,이엔유㈜,https://www.jobkorea.co.kr/Recruit/GI_Read/39882379?Oem_Code=C1&logpath=1&stext=파이썬&listno=67,대전 유성구,~01/03(화),"['신입·경력3년↑', '초대졸↑', '정규직']","소프트웨어개발, 솔루션, SI, 응용프로그래머, C++, Java, MFC, Python, 인공지능(AI), 빅데이터, tensorflow, 데이터분석, R&D"
"SW 개발자 모집 -영상처리, Unity, 윈도우 서버-클라이언트[전문연구요원 가능]",가치소프트,https://www.jobkorea.co.kr/Recruit/GI_Read/39874261?Oem_Code=C1&logpath=1&stext=파이썬&listno=68,대전 유성구,상시채용,"['경력무관', '초대졸↑', '정규직']","Unity, 소프트웨어개발, 솔루션, SI, 데이터베이스, MS-SQL, MySQL, Oracle, SQL, 병역특례, C#, C++, MFC, Python"
"(주)아이옵스 머신러닝 엔지니어 연구원 채용공고 (신입, 경력)",㈜아이옵스,https://www.jobkorea.co.kr/Recruit/GI_Read/39867582?Oem_Code=C1&logpath=1&stext=파이썬&listno=69,대전 유성구,~10/16(일),"['경력무관', '대졸↑', '정규직']","Python, 인공지능(AI), 머신러닝(ML), 딥러닝"
"2022 웹개발사업부 채용[기획자PM,웹디자이너,개발자]",㈜올림커뮤니케이션즈,https://www.jobkorea.co.kr/Recruit/GI_Read/39866665?Oem_Code=C1&logpath=1&stext=파이썬&listno=70,충북 청주시 외,~11/03(목),"['신입·경력3년↑', '학력무관', '정규직']","웹에이전시, 데이터베이스, MS-SQL, MySQL, SQL, 모바일기획, 스토리보드, 웹기획, 컨텐츠기획, PM, Java, jsp, MySQL, php, Python, 모바일UI, 웹UI, 포토샵, HTML, UI·UX디자인"
(충남 계룡시) 국방 M&S 연구분석관 모집 (석사),㈜심네트,https://www.jobkorea.co.kr/Recruit/GI_Read/39860099?Oem_Code=C1&logpath=1&stext=파이썬&listno=71,대전 유성구 외,~10/30(일),"['경력무관', '석사↑', '정규직']","연구과제, 통계학, 소프트웨어개발, 솔루션, Python, 인공지능(AI), 빅데이터, 사물인터넷(IoT), 네트워크엔지니어, 이동통신, 전자통신, 정보통신, 조사분석, 통계, Minitab, SAS, SPSS"
[전문연구요원 및 일반] 응용 SW 개발자 혹은 영상처리  및 비전검사 SW 개발자 모집,가치소프트,https://www.jobkorea.co.kr/Recruit/GI_Read/39835083?Oem_Code=C1&logpath=1&stext=파이썬&listno=72,대전 유성구 외,~12/28(수),"['신입·경력', '대졸↑', '정규직 외']","가치소프트, 자동화 시스템, 소프트웨어개발, 솔루션, SI, C++, Python, 인공지능(AI), 딥러닝, 소프트웨어"
"주 1회/3회 출근 가능, java 자바 웹/모바일 개발 및 유지보수 신입/경력직 채용",위셀글로벌㈜,https://www.jobkorea.co.kr/Recruit/GI_Read/39823419?Oem_Code=C1&logpath=1&stext=파이썬&listno=73,대전 전지역 외,상시채용,"['신입·경력', '고졸↑', '정규직']","오픈마켓, 전자상거래, B2B, B2C, 웹프로그래머, Java, MySQL, Python, 웹접근성, 웹표준, 자바스크립트, CSS, UI·UX, Python, 빅데이터, 머신러닝(ML), 데이터분석, 자연어처리(NLP)"
2022년 하반기 원익 대졸공채,㈜원익홀딩스,https://www.jobkorea.co.kr/Recruit/GI_Read/39815140?Oem_Code=C1&logpath=1&stext=파이썬&listno=74,충북 청주시 외,~12/27(화),"['신입', '대졸↑', '정규직']","부품개발, 반도체, 반도체장비, 경영기획, 기획, 기획조사, 사업기획, 서비스기획, 전략, 관리, 문서관리, 법무, 복리후생관리, 비품관리, 사무관리, 사무행정, 시설관리, 자산관리, 총무, 교육, 교육기획, 급여관리, 인사, 임금관리, 관리회계, 원가회계, 전산회계, 재무기획, 재무회계, 무역일반, 무역사, 무역사무, 무역영어, 수출입무역, 구매관리, 상품입출고, 외자구매, 자재구매기획, SCM, MD, 기술영업, 기술지원, 반도체영업, 솔루션영업, 시스템영업, 신기술영업, 고객관리, 매출관리, 영업관리, 영업기획, 영업지원, 네트워크관리, 보안관리, 보안기술, 응용프로그래머, C, C++, Python, PLC, Python, 머신러닝(ML), 딥러닝, R, 데이터분석, 소프트웨어, 생산, 생산관리, 품질, 품질검사, 품질관리, 기계, 기능직, 회로, 신소재, 기구설계, 연구관리, 기구설계, 기술연구소, 기술직, 반도체, 연구관리, 연구원, 전기·전자, 제품개발, 회로설계, 전기·전자회로, 회로설계, PLC, 3D설계, 기구설계, AutoCad, CAD, CAM, 로봇·자동화, 반도체·LCD, 신소재개발"
(대전/서울)꿀비 경력직 채용공고(빅데이터),㈜꿀비,https://www.jobkorea.co.kr/Recruit/GI_Read/39812120?Oem_Code=C1&logpath=1&stext=파이썬&listno=75,대전 서구,~10/14(금),"['경력4년↑', '대졸↑', '정규직']","소프트웨어개발, 솔루션, Java, MySQL, Python, 빅데이터"
(대전/서울/판교)꿀비 경력직 채용공고(웹개발),㈜꿀비,https://www.jobkorea.co.kr/Recruit/GI_Read/39812072?Oem_Code=C1&logpath=1&stext=파이썬&listno=76,대전 서구 외,~10/14(금),"['경력3년↑', '대졸↑', '정규직']","소프트웨어개발, 솔루션, Java, Python, Linux"
엔지니어 채용,㈜아인스에스엔씨,https://www.jobkorea.co.kr/Recruit/GI_Read/39807510?Oem_Code=C1&logpath=1&stext=파이썬&listno=77,대전 유성구 외,상시채용,"['경력무관', '학력무관', '정규직']","엔지니어, 솔루션, Python, 머신러닝(ML), R, 데이터분석, 소프트웨어"
프로그램/웹 개발 5년 이상 경력자 모집,㈜아이티공간,https://www.jobkorea.co.kr/Recruit/GI_Read/39796716?Oem_Code=C1&logpath=1&stext=파이썬&listno=78,충북 청주시 외,상시채용,"['경력5년↑', '대졸↑', '정규직 외']","자동제어, Go, 모바일앱개발, 소프트웨어개발, 솔루션, BigData, SI, 웹프로그래머, Java, MySQL, Python, .NET, 안드로이드, 응용프로그래머, Application, C#, Python, 인공지능(AI), 빅데이터, 사물인터넷(IoT)"
프로그램/웹/앱 개발자 신입 경력 채용,㈜아이티공간,https://www.jobkorea.co.kr/Recruit/GI_Read/39796715?Oem_Code=C1&logpath=1&stext=파이썬&listno=79,충북 청주시 외,상시채용,"['신입', '학력무관', '정규직 외']","Go, 모바일앱개발, 소프트웨어개발, 솔루션, BigData, SI, 웹프로그래머, MySQL, Python, 인공지능(AI), 빅데이터, 머신러닝(ML)"
"[플랜아이] MX사업부 PHP개발자, 기획자 채용",㈜플랜아이,https://www.jobkorea.co.kr/Recruit/GI_Read/39794239?Oem_Code=C1&logpath=1&stext=파이썬&listno=80,대전 유성구,~12/25(일),"['경력2년↑', '학력무관', '정규직']","웹프로그래머, HTML, MySQL, php, Python"
[원격근무] 실리콘밸리 스타트업 글래스돔코리아 프론트엔드 엔지니어분을 모십니다.,글래스돔코리아,https://www.jobkorea.co.kr/Recruit/GI_Read/39768616?Oem_Code=C1&logpath=1&stext=파이썬&listno=81,대전 서구,~12/22(목),"['경력2년↑', '대졸↑', '정규직']","React, Typescript, 소프트웨어개발, 솔루션, BigData, Java, Python, 자바스크립트, CSS, HTML5, HTML코딩, 인공지능(AI), 빅데이터, 사물인터넷(IoT), 데이터분석"
자동차보상 직군 경력사원 채용,캐롯손해보험㈜,https://www.jobkorea.co.kr/Recruit/GI_Read/39736860?Oem_Code=C1&logpath=1&stext=파이썬&listno=82,대전 전지역 외,상시채용,"['경력', '학력무관', '정규직 외']","자동차보험, 건강보험, 경영관리, 대물보상, 대인보상, 리스크관리, 손익관리, 일반보험, 프론트엔드, Agile, Akka, Architect, Back-end, DevOps, FRM, FrameWork, IFRS17, ISMS, JVM, SCRUM, UI/UX, UI·UX디자인, 대인보상기획, 인프라AA, 손해보험, 손해사정, 자동차보험, 정보보안, 모바일, 모바일App, 경영기획, 변화관리, 사업제휴, 신규사업·BD, 법무, 사무행정, 송무, 인허가업무, 마케팅, 마케팅기획, 시장분석, 업무제휴, 상품기획, 신상품개발, 개인고객영업, 법인고객영업, 보험설계, 보험영업, 고객관리, 영업관리, 영업지원, 보험, 아웃바운드TM, 고객상담, 고객지원, 보험회사, 인바운드TM, 고객관리, 제품홍보, 테스터, QA, Windows, 네트워크관리, 네트워크엔지니어, 방화벽, 보안관리, 보안기술, 서버관리자, 서버구축, 정보보안, Windows, 안드로이드, C, C++, Java, SQL, 시스템분석, 요구분석, 튜닝, DBA, Python, 빅데이터, 머신러닝(ML), tensorflow, 챗봇(Chatbot), 데이터분석, 보험심사·청구, 경영지원, 고객관리, 손해사정, 보상, 보험심사, 보험계리사, 언더라이팅"
생명정보학 Bioinformatics 연구개발 (뇌종양등 암 연구),몰팩바이오,https://www.jobkorea.co.kr/Recruit/GI_Read/39732130?Oem_Code=C1&logpath=1&stext=파이썬&listno=83,대전 유성구 외,~12/19(월),"['경력무관', '학력무관', '정규직']","생명공학, Python, Perl, 생명공학"
위성항법 분야 소프트웨어 개발자 채용,㈜한컴인스페이스,https://www.jobkorea.co.kr/Recruit/GI_Read/39714744?Oem_Code=C1&logpath=1&stext=파이썬&listno=84,대전 유성구,~12/18(일),"['경력2년↑', '대졸↑', '정규직']","소프트웨어개발, Python, SQL, C#, Python, SQL, VisualC++, Windows"
[인공지능/빅데이터분야] 신입/경력 개발자 채용,㈜에이아이리더,https://www.jobkorea.co.kr/Recruit/GI_Read/39712046?Oem_Code=C1&logpath=1&stext=파이썬&listno=85,충남 천안시 외,~12/18(일),"['신입·경력', '대졸↑', '정규직']","Detection, MQTT, Open CV, wpf, 소프트웨어개발, C, C#, Linux, Python, Python, 인공지능(AI), 빅데이터, 머신러닝(ML), 딥러닝"
IT PM/웹개발자/앱개발자/웹디자이너/앱디자이너를 모집합니다.,㈜제이로고스,https://www.jobkorea.co.kr/Recruit/GI_Read/39706381?Oem_Code=C1&logpath=1&stext=파이썬&listno=86,대전 전지역 외,상시채용,"['신입·경력2년↑', '초대졸↑', '정규직 외']","모바일앱개발, 소프트웨어개발, 솔루션, SI, AJAX, Java, jsp, Servlet, SQL, 응용프로그래머, Java, Oracle, Python, SQL, Python, 빅데이터, 딥러닝, 데이터분석, 자연어처리(NLP)"
"이미지 딥러닝(CNN, GNN, GAN) 및 SW개발 인재 채용",몰팩바이오,https://www.jobkorea.co.kr/Recruit/GI_Read/39673892?Oem_Code=C1&logpath=1&stext=파이썬&listno=87,대전 유성구,~12/14(수),"['신입·경력1년↑', '대졸↑', '정규직']","생명공학, Python, 인공지능(AI), 딥러닝"
"[그린] IT 프로그래밍(정보기술개발, 자바, C#, 블록체인 등) 훈련교사 채용",(주)지아이티아카데미 부산2,https://www.jobkorea.co.kr/Recruit/GI_Read/39659287?Oem_Code=C1&logpath=1&stext=파이썬&listno=88,대전 전지역 외,~10/14(금),"['경력2년↑', '초대졸↑', '정규직 외']","교사, 디자인학원, 실기교사, 학원강사, IT학원, 웹프로그래머, Java, php, Python, SQL, 응용프로그래머, C, C++, Java, SQL, 일반학원강사, 컴퓨터학원강사, IT학원강사, 직업훈련교사, 전문직업강사"
"의료영상 진단 딥러닝(CNN, GNN, GAN) 연구개발 인재 채용",몰팩바이오,https://www.jobkorea.co.kr/Recruit/GI_Read/39656399?Oem_Code=C1&logpath=1&stext=파이썬&listno=89,대전 유성구 외,~12/12(월),"['신입·경력1년↑', '대졸↑', '정규직']","생명공학, Python, 인공지능(AI), 딥러닝"
IoT 소프트웨어 엔지니어,글래스돔코리아,https://www.jobkorea.co.kr/Recruit/GI_Read/39632078?Oem_Code=C1&logpath=1&stext=파이썬&listno=90,대전 서구,~12/08(목),"['경력2년↑', '학력무관', '정규직']","소프트웨어개발, 솔루션, BigData, Python, 인공지능(AI), 빅데이터, 사물인터넷(IoT), 데이터분석"
유니티 개발자/웹 개발자/IT서비스 기획자 모집,㈜솔릭,https://www.jobkorea.co.kr/Recruit/GI_Read/39627589?Oem_Code=C1&logpath=1&stext=파이썬&listno=91,충북 충주시,~12/07(수),"['경력무관', '학력무관', '정규직']","모바일앱개발, 소프트웨어개발, 솔루션, 게임개발, 게임기획, 모바일기획, 웹기획, 웹서비스기획, 컨텐츠기획, HTML, Java, MySQL, php, Python"
기획 및 JAVA/C# 프로그래머 채용 공고 (충북청주),굿스트림,https://www.jobkorea.co.kr/Recruit/GI_Read/39618737?Oem_Code=C1&logpath=1&stext=파이썬&listno=92,충북 청주시,상시채용,"['경력무관', '초대졸↑', '정규직']","모바일앱개발, 소프트웨어개발, 솔루션, BigData, 스토리보드, 웹기획, 웹서비스기획, 정보설계, UI설계, Java, jsp, Python, SQL, 응용프로그래머, API, C#, Java"
[알지티] 2022년 채용 (채용보상금 지급),㈜알지티,https://www.jobkorea.co.kr/Recruit/GI_Read/39613939?Oem_Code=C1&logpath=1&stext=파이썬&listno=93,대전 유성구 외,~12/06(화),"['경력무관', '대졸↑', '정규직']","자율주행, 메카트로닉스, Python, 응용프로그래머, C, C++, Linux, Python, 시스템프로그래머, 임베디드, 펌웨어, Python, 인공지능(AI), 2D, 3D설계, 기구설계, AutoCad, Pro-e, 로봇·자동화"
각 분야 신입/경력 채용,㈜솔리데오시스템즈,https://www.jobkorea.co.kr/Recruit/GI_Read/39613124?Oem_Code=C1&logpath=1&stext=파이썬&listno=94,충북 청주시 외,~11/06(일),"['신입·경력', '초대졸↑', '정규직']","솔루션, SI, SM, 모바일기획, 사용자평가, 웹기획, 제안·컨설팅, 컨텐츠기획, 웹프로그래머, Java, MS-SQL, MySQL, SQL, 응용프로그래머, Java, Linux, Python, SQL, 품질, 품질검사, 품질관리, QA"
충남대학교병원 의료인공지능 딥러닝 모델 개발자,충남대학교병원,https://www.jobkorea.co.kr/Recruit/GI_Read/39595698?Oem_Code=C1&logpath=1&stext=파이썬&listno=95,대전 중구,~12/05(월),"['경력3년↑', '대졸↑', '계약직']","국공립병원, Python, 인공지능(AI), 딥러닝, tensorflow, 데이터분석"
"세종컴퓨터학원 IT 강사님 모집(프리랜서 코딩,OA)",세종컴퓨터학원,https://www.jobkorea.co.kr/Recruit/GI_Read/39575445?Oem_Code=C1&logpath=1&stext=파이썬&listno=96,대전 전지역 외,상시채용,"['경력무관', '초대졸↑', '프리랜서']","IT학원, C, C#, C++, Java, Python, 프로그램강의, OA강의"
"소프트웨어(SW) 개발자, 디자이너 신입 및 경력자모집",델타인덱스,https://www.jobkorea.co.kr/Recruit/GI_Read/39561529?Oem_Code=C1&logpath=1&stext=파이썬&listno=97,대전 유성구 외,~11/01(화),"['경력무관', '대졸↑', '정규직']","모바일앱개발, 소프트웨어개발, 솔루션, BigData, C#, C++, Java, Python, VisualC, 웹UI, GUI, UI·UX디자인, 3D, 그래픽디자인, 백터3D, 일러스트레이터, 포토샵"
Technical Support Engineer 채용,㈜시스트란,https://www.jobkorea.co.kr/Recruit/GI_Read/39554639?Oem_Code=C1&logpath=1&stext=파이썬&listno=98,대전 서구,~11/30(수),"['경력3년↑', '학력무관', '정규직']","소프트웨어개발, 솔루션, BigData, 웹프로그래머, Java, C, Java, Linux, Python, 유지보수"
(주)위즈코리아 `22년도 하반기 직무별 신입/경력자 정기 채용,㈜위즈코리아,https://www.jobkorea.co.kr/Recruit/GI_Read/39535537?Oem_Code=C1&logpath=1&stext=파이썬&listno=99,대전 전지역 외,~11/29(화),"['신입·경력3년↑', '초대졸↑', '정규직 외']","제품기획, 화면기획, UI/UX기획, UI기획, UX기획, UI·UX디자인, 소프트웨어개발, 솔루션, BigData, 네트워크보안, 보안소프트웨어, 보안ASP, 사업기획, 전략, 관리, 법무, 사무관리, 사무행정, 총무, 인사, 인재개발, 채용·면접, 비서, 임원비서, 재무, 재무회계, 브랜드, 언론홍보, 홍보, 홍보기획, PR, SNS운영, 기술영업, 기술지원, 솔루션영업, 시스템영업, 신기술영업, 검증, 테스터, QA, 네트워크관리, 네트워크엔지니어, 보안관리, 보안기술, 서버구축, 시스템운영, 정보보안, Linux, Unix, 스토리보드, 웹기획, 웹서비스기획, 컨텐츠기획, PM, UI설계, 소셜마케팅, 웹마케팅, 웹프로그래머, AJAX, Java, jsp, SCJP, 병역특례, 응용프로그래머, 전산전공, ABAP, Application, C, C#, C++, Java, Python, SAP, SQL, WAS, 웹퍼블리셔, 웹표준, CSS, CSS3, HTML5, HTML코딩, UI·UX, 자바스크립트, 포토샵, CSS, HTML, UI·UX디자인, Python, 인공지능(AI), 빅데이터, 머신러닝(ML), 딥러닝, 하둡(Hadoop), R, tensorflow, 자연어처리(NLP), 유지보수, 소프트웨어, 포토샵, 베트남어"
[취업교육]웹퍼블리셔 및 프론트엔드 웹개발자 양성 국비지원 연수생 모집,TIS정보기술교육센터,https://www.jobkorea.co.kr/Recruit/GI_Read/39497771?Oem_Code=C1&logpath=1&stext=파이썬&listno=100,대전 전지역 외,~11/24(목),"['신입·경력', '학력무관', '연수생/교육생']","UI·UX디자인, 모바일앱개발, 소프트웨어개발, 솔루션, BigData, SI, 네트웍구축, IDC, 공무, 관리, 문서관리, 사무관리, 사무행정, 문서작성, 정보처리, 홈페이지관리, Excel, OA, 모바일기획, 웹기획, 웹서비스기획, 컨텐츠기획, PM, 웹프로그래머, AJAX, Java, jsp, Python, 안드로이드, 응용프로그래머, 전산전공, Java, Oracle, 쇼핑몰, 웹사이트운영, 컨텐츠개발, 컨텐츠관리, 웹퍼블리셔, 웹표준, 자바스크립트, CSS, CSS3, HTML5, HTML코딩, 모바일UI, 자바스크립트, CSS, HTML, UI·UX디자인, 그래픽디자인, 시각디자인, 포토샵, GUI, 광고디자인, 디지털디자인, 시각디자인, 정보디자인"
"한국통계정보원 [SW분야] 직원(경력,신입) 모집 공고",재단법인 한국통계정보원,https://www.jobkorea.co.kr/Recruit/GI_Read/39500159?Oem_Code=C1&logpath=1&stext=파이썬&listno=101,대전 서구,~11/24(목),"['신입·경력3년↑', '초대졸↑', '계약직']","유지보수, DBA, 데이터마이닝, MySQL, Python, SQL, 유지보수"
[Perigee] Flight Control 엔지니어 및 테크니션 전 부문 모집,페리지에어로스페이스㈜,https://www.jobkorea.co.kr/Recruit/GI_Read/39499982?Oem_Code=C1&logpath=1&stext=파이썬&listno=102,대전 대덕구,~11/24(목),"['경력무관', '학력무관', '정규직 외']","항공, 병역특례, C, C++, Python, SQL, 기계, 기구설계, 제어, 제품개발, R&D, 조선·항공·우주"
"인공지능, 딥러닝 연구 개발자 모집",㈜에이투마인드,https://www.jobkorea.co.kr/Recruit/GI_Read/39492204?Oem_Code=C1&logpath=1&stext=파이썬&listno=103,대전 유성구 외,~11/24(목),"['경력무관', '대졸↑', '정규직']","소프트웨어개발, SI, Python, 인공지능(AI), 딥러닝"
프로그래머 채용 공고,엘컴텍,https://www.jobkorea.co.kr/Recruit/GI_Read/39482289?Oem_Code=C1&logpath=1&stext=파이썬&listno=104,대전 서구,~11/23(수),"['경력무관', '대졸↑', '정규직']","소프트웨어개발, 솔루션, 웹프로그래머, Python"
소프트웨어 개발자 모집 (신입/경력 정규직),㈜하늘소프트,https://www.jobkorea.co.kr/Recruit/GI_Read/39476973?Oem_Code=C1&logpath=1&stext=파이썬&listno=105,대전 유성구,~11/22(화),"['경력무관', '대졸↑', '정규직']","소프트웨어개발, 솔루션, SI, .NET, 웹프로그래머, MySQL, Python, .NET, 응용프로그래머, C, C++, Python, 인공지능(AI), 빅데이터, 딥러닝, 챗봇(Chatbot)"
인공지능 알고리즘 개발 신입 및 경력사원 모집,가온플랫폼㈜,https://www.jobkorea.co.kr/Recruit/GI_Read/39475778?Oem_Code=C1&logpath=1&stext=파이썬&listno=106,대전 유성구 외,상시채용,"['경력무관', '대졸↑', '정규직']","소프트웨어개발, BigData, 모델링, Python, 인공지능(AI), 빅데이터, 머신러닝(ML), tensorflow"
앱개발자 경력직 채용,초록테크,https://www.jobkorea.co.kr/Recruit/GI_Read/39465273?Oem_Code=C1&logpath=1&stext=파이썬&listno=107,대전 중구 외,상시채용,"['경력2년↑', '학력무관', '정규직']","모바일, 스마트폰, 안드로이드, MySQL, SQL, 안드로이드, Java, Python, SQL"
[IT서비스분야] JAVA/JSP/PHP 웹프로그래머 모집,㈜올림커뮤니케이션즈,https://www.jobkorea.co.kr/Recruit/GI_Read/39451358?Oem_Code=C1&logpath=1&stext=파이썬&listno=108,충북 청주시 외,상시채용,"['신입·경력', '학력무관', '정규직']","모바일앱개발, 소프트웨어개발, 솔루션, BigData, DataMining, 데이터베이스, MS-SQL, MySQL, SQL, 데이터마이닝, 보안관리, 보안관제, 서버관리자, 서버구축, 시스템운영, Java, jsp, MySQL, php, Python"
[강사 경력직] 2022년 하반기 분야별 전임 및 시간교사 모집,동양직업전문학교,https://www.jobkorea.co.kr/Recruit/GI_Read/39421091?Oem_Code=C1&logpath=1&stext=파이썬&listno=109,충남 천안시 외,~10/31(월),"['경력', '초대졸↑', '정규직']","UI·UX디자인, 디자인학원, 어학원, 영어학원, 학원강사, 디자인, CAD, 세무, 전산회계, 회계, C, C++, Java, Python, 일러스트레이터, 포토샵, 플래쉬, UI·UX디자인, 디자인강의, 프로그램강의, OA강의, 3D설계, 건축설계, 기계설계, AutoCad, CAD, 3DMax, 건축설계, 인테리어설계, CAD, 디자인, 컴퓨터학원강사, IT학원강사, CAD강사, 직업훈련교사"
"IT 프로그래밍 (자바, 빅데이터, AI, 클라우드 등) 훈련교사 채용",(주)지아이티아카데미 부산2,https://www.jobkorea.co.kr/Recruit/GI_Read/39407895?Oem_Code=C1&logpath=1&stext=파이썬&listno=110,대전 전지역 외,~11/16(수),"['경력2년↑', '초대졸↑', '정규직 외']","디자인학원, 실기교사, 학원강사, IT학원, 웹프로그래머, Java, php, Python, SQL, 응용프로그래머, C, C++, Java, SQL, 일반학원강사, 컴퓨터학원강사, IT학원강사, 직업훈련교사, 전문직업강사"
MES(스마트팩토리) 개발자,㈜에잇핀,https://www.jobkorea.co.kr/Recruit/GI_Read/39370608?Oem_Code=C1&logpath=1&stext=파이썬&listno=111,충북 청주시 외,~11/13(일),"['신입·경력', '초대졸↑', '정규직 외']","모바일앱개발, 소프트웨어개발, 솔루션, MS-SQL, Oracle, SQL, C#, Java, Oracle, Python, 시스템분석, 시스템설계"
AI 및 JAVA 개발자 모집,㈜네오포스,https://www.jobkorea.co.kr/Recruit/GI_Read/39360909?Oem_Code=C1&logpath=1&stext=파이썬&listno=112,대전 유성구,~11/10(목),"['경력무관', '대졸↑', '정규직']","소프트웨어개발, 솔루션, Java, Python"
[로봇사업본부] PM 직무 채용,㈜트위니,https://www.jobkorea.co.kr/Recruit/GI_Read/39343932?Oem_Code=C1&logpath=1&stext=파이썬&listno=113,대전 유성구 외,~11/09(수),"['경력무관', '학력무관', '정규직']","소프트웨어개발, 모바일기획, 웹기획, 웹서비스기획, PM, UI설계, 모바일UI, 웹UI, 자바스크립트, HTML, UI·UX디자인, Python, R"
[로봇사업본부] PO 직무 채용,㈜트위니,https://www.jobkorea.co.kr/Recruit/GI_Read/39343921?Oem_Code=C1&logpath=1&stext=파이썬&listno=114,대전 유성구 외,~11/09(수),"['경력무관', '학력무관', '정규직']","소프트웨어개발, 모바일기획, 웹기획, 웹서비스기획, PM, UI설계, 모바일UI, 웹UI, 자바스크립트, HTML, UI·UX디자인, Python, R"
남성의류 쇼핑몰 웹디자인(착용컷 및 제품보정),㈜피앤콤마,https://www.jobkorea.co.kr/Recruit/GI_Read/39275879?Oem_Code=C1&logpath=1&stext=파이썬&listno=115,대전 전지역 외,상시채용,"['경력무관', '학력무관', '정규직']","상품기획, 소셜커머스, 쇼핑몰, 오픈마켓, 문서관리, 홈페이지관리, 웹프로그래머, HDML, HTML, Java, mHTML, MySQL, php, Python, 일러스트레이터, 포토샵, HTML, 시각디자인, 일러스트레이터, 포토샵, 남성정장, 남성캐주얼디자인, 데님디자인, 의상디자인, 잡화디자인, 스튜디오, 영상편집, 포토그래퍼, 포토샵"
소프트웨어 / C# / C++ 경력자 초빙,㈜레이나,https://www.jobkorea.co.kr/Recruit/GI_Read/39265504?Oem_Code=C1&logpath=1&stext=파이썬&listno=116,대전 유성구,~11/02(수),"['경력3년↑', '대졸↑', '정규직']","전기, 전기기사, 전기설계, 전기회로, PLC, 응용프로그래머, C#, C++, Python, 소프트웨어"
[로봇사업본부] 서비스 기획자 채용,㈜트위니,https://www.jobkorea.co.kr/Recruit/GI_Read/39219485?Oem_Code=C1&logpath=1&stext=파이썬&listno=117,대전 유성구 외,상시채용,"['경력무관', '학력무관', '정규직']","소프트웨어개발, 모바일기획, 웹기획, 웹서비스기획, PM, UI설계, 모바일UI, 웹UI, 자바스크립트, HTML, UI·UX디자인, Python, R"
(주)쿠바 부문별 개발자 경력 채용,㈜쿠바,https://www.jobkorea.co.kr/Recruit/GI_Read/39231244?Oem_Code=C1&logpath=1&stext=파이썬&listno=118,대전 유성구,~10/30(일),"['경력3년↑', '학력무관', '정규직']","소프트웨어개발, 웹프로그래머, Java, jsp, php, Python, 안드로이드, C, C#"
함께할 소프트웨어 개발자를 찾습니다 (주요 사용언어 C),㈜엔엔에프텍,https://www.jobkorea.co.kr/Recruit/GI_Read/39228631?Oem_Code=C1&logpath=1&stext=파이썬&listno=119,대전 유성구,~10/30(일),"['신입·경력', '고졸↑', '정규직']","소프트웨어개발, 전산전공, Application, C, Linux, Python, 시스템프로그래머, 임베디드, 펌웨어, 소프트웨어"
[취업교육]UI/UX 기반 프론트엔드 웹개발자 양성 과정,TIS정보기술교육센터,https://www.jobkorea.co.kr/Recruit/GI_Read/39223745?Oem_Code=C1&logpath=1&stext=파이썬&listno=120,대전 전지역 외,~10/28(금),"['신입·경력', '학력무관', '연수생/교육생']","UI·UX디자인, 모바일앱개발, 소프트웨어개발, 솔루션, SI, SM, 웹에이전시, 웹프로덕션, 문서작성, 정보처리, 홈페이지관리, Excel, OA, 네트워크관리, 네트워크엔지니어, 서버관리자, 정보보안, CCNA, 모바일기획, 웹기획, 웹서비스기획, 컨텐츠기획, PM, .NET, 웹프로그래머, AJAX, Java, jsp, Python, 안드로이드, 응용프로그래머, 전산전공, C#, Java, Oracle, 웹퍼블리셔, 자바스크립트, CSS3, HTML5, HTML코딩, 모바일UI, 자바스크립트, CSS, HTML, UI·UX디자인, 그래픽디자인, 시각디자인, 포토샵, GUI, 광고디자인, 디지털디자인, 시각디자인, 영상디자인, 정보디자인"
[로봇사업본부] WEB 개발자 채용 (전문연구요원 가능),㈜트위니,https://www.jobkorea.co.kr/Recruit/GI_Read/39219425?Oem_Code=C1&logpath=1&stext=파이썬&listno=121,대전 유성구 외,상시채용,"['경력무관', '학력무관', '정규직']","소프트웨어개발, 모바일기획, 사용자평가, PM, UI설계, 웹프로그래머, HTML, Java, Python, SQL, 웹접근성, 웹퍼블리셔, 웹표준, 자바스크립트, HTML코딩"
[경력&신입] 웹인터페이스 개발자 채용-정규직,㈜아이티존,https://www.jobkorea.co.kr/Recruit/GI_Read/39187400?Oem_Code=C1&logpath=1&stext=파이썬&listno=122,대전 유성구,~10/25(화),"['신입·경력3년↑', '초대졸↑', '정규직']","솔루션, 웹개발, 프론트엔드, Tomcat, AJAX, Python, API, Java, WAS, 자바스크립트, CSS, HTML코딩, 인공지능(AI), 빅데이터"
연구소 소프트웨어 각 부문 채용공고,㈜대영에스텍,https://www.jobkorea.co.kr/Recruit/GI_Read/39177458?Oem_Code=C1&logpath=1&stext=파이썬&listno=123,대전 유성구,~10/24(월),"['신입·경력2년↑', '대졸↑', '정규직']","소프트웨어개발, 솔루션, API, C, C++, Linux, 시스템프로그래머, 임베디드, 펌웨어, Python, 인공지능(AI), 머신러닝(ML), 딥러닝, tensorflow"
IoT 개발자 모집,㈜마이렌,https://www.jobkorea.co.kr/Recruit/GI_Read/39175914?Oem_Code=C1&logpath=1&stext=파이썬&listno=124,충남 천안시,~10/24(월),"['경력무관', '학력무관', '정규직']","모바일App, 무선통신, 스마트폰, 텔레매틱스, Python, 인공지능(AI), 사물인터넷(IoT), 딥러닝, tensorflow"
(주)넷타겟 각 부문별 수시채용,㈜넷타겟,https://www.jobkorea.co.kr/Recruit/GI_Read/39155589?Oem_Code=C1&logpath=1&stext=파이썬&listno=125,대전 유성구 외,상시채용,"['경력무관', '대졸↑', '정규직']","바이오, 기획, 전략, 마케팅, 마케팅기획, 바이럴마케팅, 국내영업, 해외영업, 웹프로그래머, Python, API, Python, 연구관리, 연구원, R&D, 바이오, 제약, 의약품"
"기업부설연구소 기술개발팀 신규, 경력 채용",컨트롤에프,https://www.jobkorea.co.kr/Recruit/GI_Read/39151772?Oem_Code=C1&logpath=1&stext=파이썬&listno=126,대전 유성구,상시채용,"['신입·경력', '학력무관', '정규직']","Python, 머신러닝(ML)"
WEB APP개발 팀원 지원해주세요,딱플㈜,https://www.jobkorea.co.kr/Recruit/GI_Read/39132937?Oem_Code=C1&logpath=1&stext=파이썬&listno=127,대전 유성구,상시채용,"['경력', '학력무관', '정규직']","모바일App, HTML, Java, mHTML, php, Python, 아이폰, 안드로이드, ActiveX, Java, Python"
"R&D, 인공지능 및 응용소프트웨어 개발 경력자 모집",㈜오션소프트,https://www.jobkorea.co.kr/Recruit/GI_Read/39052835?Oem_Code=C1&logpath=1&stext=파이썬&listno=128,대전 유성구,~10/12(수),"['경력무관', '초대졸↑', '정규직 외']","소프트웨어개발, 솔루션, BigData, .NET, HTML, Java, Python, xml, C#, Java, MFC, Python"
웹 프로그래머 및 응용프로그래머 각 1명 모집,바이오브레인,https://www.jobkorea.co.kr/Recruit/GI_Read/39052434?Oem_Code=C1&logpath=1&stext=파이썬&listno=129,대전 서구 외,~10/12(수),"['신입·경력3년↑', '학력무관', '정규직']","모바일앱개발, 소프트웨어개발, 솔루션, BI, BigData, 웹프로그래머, Java, MS-SQL, MySQL, Python, 응용프로그래머, C#, C++, Java, MFC, 웹퍼블리셔, 자바스크립트, CSS, HTML5"
프로그램 개발자 신입 및 경력직 채용 공고,와이즈컨,https://www.jobkorea.co.kr/Recruit/GI_Read/39934209?Oem_Code=C1&logpath=1&stext=파이썬&listno=130,대전 유성구,~10/31(월),"['신입·경력', '대졸↑', '정규직']","전기제어, 전자제어, SI영업, 임베디드"
백엔드 테크리드 개발자 채용(2년 이상),㈜후딱,https://www.jobkorea.co.kr/Recruit/GI_Read/39914752?Oem_Code=C1&logpath=1&stext=파이썬&listno=131,대전 유성구,상시채용,"['경력2년↑', '학력무관', '정규직']",소프트웨어
웹디자이너 및 퍼블리셔 신입/경력,㈜블랙망고,https://www.jobkorea.co.kr/Recruit/GI_Read/39893832?Oem_Code=C1&logpath=1&stext=파이썬&listno=132,충남 천안시,~01/04(수),"['경력무관', '학력무관', '정규직']","웹에이전시, 웹표준, 자바스크립트, 포토샵, CSS, UI·UX디자인"
경영지원 및 일반사무,㈜블랙망고,https://www.jobkorea.co.kr/Recruit/GI_Read/39893458?Oem_Code=C1&logpath=1&stext=파이썬&listno=133,충남 천안시,~01/04(수),"['경력무관', '학력무관', '정규직']","웹에이전시, 경리, 급여관리"
[기술연구소]웹 및 응용프로그램 개발 정규직 채용,㈜IT코리아,https://www.jobkorea.co.kr/Recruit/GI_Read/39891834?Oem_Code=C1&logpath=1&stext=파이썬&listno=134,대전 유성구,~11/05(토),"['경력', '초대졸↑', '정규직']","소프트웨어개발, SI, 웹프로그래머, 응용프로그래머, C#, C++, Java, 소프트웨어"
MCU 기반 임베디드 C 개발자 모집,㈜지에스아이오토모티브,https://www.jobkorea.co.kr/Recruit/GI_Read/39874530?Oem_Code=C1&logpath=1&stext=파이썬&listno=135,대전 유성구,상시채용,"['경력2년↑', '학력무관', '정규직']","유지보수, 펌웨어, 하드웨어"
(주)아이옵스 용인지역 신입/경력사원 채용(상시),㈜아이옵스,https://www.jobkorea.co.kr/Recruit/GI_Read/39867504?Oem_Code=C1&logpath=1&stext=파이썬&listno=136,대전 유성구 외,~10/16(일),"['경력무관', '대졸↑', '정규직']","정보처리기사, 소프트웨어"
2022년 하반기 (주)윕스 부문별 신입 및 경력사원 채용,㈜윕스,https://www.jobkorea.co.kr/Recruit/GI_Read/39838665?Oem_Code=C1&logpath=1&stext=파이썬&listno=137,대전 유성구 외,~10/13(목),"['신입·경력', '초대졸↑', '정규직 외']","컨설팅, 퍼블리싱, 검색엔진, 검색서비스, 기술가치평가, 데이터, 웹서비스, 자연어처리, 특허조사, 화면설계, AI, UI, 국내영업, 해외영업, 지적재산권"
"[효성계열사] 신화인터텍(주) 전략기획팀 ERP(IT)관리,경영관리 경력채용",신화인터텍㈜,https://www.jobkorea.co.kr/Recruit/GI_Read/39833458?Oem_Code=C1&logpath=1&stext=파이썬&listno=138,충남 천안시,~12/28(수),"['경력4년↑', '대졸↑', '정규직']","디스플레이, 정밀광학, LCD, 경영기획, 신규사업·BD, Java, jsp, php"
4. 은행/보험/증권/병원/웹기획/웹디자인(퍼블)/인프라컨설팅/PMO/QA/DA/DBA/TA/AA/ETL/MES/JAVA/안드로이드/C++/VC++/PRO-C/Java/C#.NET,토피아정보기술㈜,https://www.jobkorea.co.kr/Recruit/GI_Read/39822904?Oem_Code=C1&logpath=1&stext=파이썬&listno=139,충북 진천군 외,~10/13(목),"['경력3년↑', '학력무관', '정규직 외']","CRM, DW, ERP, OLAP, SI, Java, MiPlatform, ASP.NET, C#, Java, Oracle, HTML코딩, UI·UX"
(대전)꿀비 경력직 채용공고(임베디드),㈜꿀비,https://www.jobkorea.co.kr/Recruit/GI_Read/39812090?Oem_Code=C1&logpath=1&stext=파이썬&listno=140,대전 서구,~10/14(금),"['경력2년↑', '대졸↑', '정규직']","소프트웨어개발, 솔루션, Embedded, 임베디드"
소프트웨어 개발 (신입/경력)모집,㈜케이벨,https://www.jobkorea.co.kr/Recruit/GI_Read/39801161?Oem_Code=C1&logpath=1&stext=파이썬&listno=141,대전 유성구 외,~12/26(월),"['신입·경력1년↑', '대졸↑', '정규직']",소프트웨어
[솔탑] 2022년 각 부문별 신입/경력사원 모집,㈜솔탑,https://www.jobkorea.co.kr/Recruit/GI_Read/39764077?Oem_Code=C1&logpath=1&stext=파이썬&listno=142,대전 유성구 외,~12/22(목),"['신입·경력3년↑', '학력무관', '정규직']","솔루션, Java, MS-SQL, MySQL, xml, 설계엔지니어, 전기설비, 하드웨어"
(주)앰진 IT 기술개발 신입·경력 채용공고,㈜앰진,https://www.jobkorea.co.kr/Recruit/GI_Read/39758824?Oem_Code=C1&logpath=1&stext=파이썬&listno=143,대전 유성구,~11/21(월),"['신입·경력', '초대졸↑', '정규직']","네트워크보안, 보안소프트웨어, 정보보안, IDS"
[단단광학] 기술연구소 광기계설계 부문 신입/경력 연구원 채용,㈜단단,https://www.jobkorea.co.kr/Recruit/GI_Read/39733714?Oem_Code=C1&logpath=1&stext=파이썬&listno=144,대전 유성구,~12/19(월),"['신입·경력', '대졸↑', '정규직']","정밀광학, 2D, 3D설계, 기계설계, 기구설계, CAD"
IT 개발연구원 모집,㈜큐이노텍,https://www.jobkorea.co.kr/Recruit/GI_Read/39732719?Oem_Code=C1&logpath=1&stext=파이썬&listno=145,충남 천안시,~10/19(수),"['경력1년↑', '초대졸↑', '정규직']","IT컨설팅, ICT컨설팅, 자동제어, 데이터분석"
[플랜아이] AX사업부 프론트엔드&백엔드 프로그래머,㈜플랜아이,https://www.jobkorea.co.kr/Recruit/GI_Read/39649266?Oem_Code=C1&logpath=1&stext=파이썬&listno=146,대전 유성구,~12/12(월),"['경력2년↑', '학력무관', '정규직 외']","웹에이전시, Java, 병역특례, Java, 웹접근성, 웹퍼블리셔, 자바스크립트, CSS3, HTML5"
코아아이티 IT개발자 채용합니다,코아아이티,https://www.jobkorea.co.kr/Recruit/GI_Read/39552992?Oem_Code=C1&logpath=1&stext=파이썬&listno=147,충북 청주시,상시채용,"['신입·경력2년↑', '학력무관', '정규직']","유지보수, 컴퓨터, 하드웨어, 웹프로그래머"
웹개발(JAVA) 및 운영관리인원 채용,에스에이치네트웍스,https://www.jobkorea.co.kr/Recruit/GI_Read/39548486?Oem_Code=C1&logpath=1&stext=파이썬&listno=148,대전 유성구 외,~11/30(수),"['경력무관', '초대졸↑', '정규직']","소프트웨어개발, 솔루션, SI, 서버관리자, 웹프로그래머, HTML, jsp, MS-SQL, php, 응용프로그래머, CSS3, 소프트웨어"
㈜토모큐브 R&D 정규직/전문연구요원 모집,토모큐브,https://www.jobkorea.co.kr/Recruit/GI_Read/39540920?Oem_Code=C1&logpath=1&stext=파이썬&listno=149,대전 유성구 외,~11/29(화),"['신입·경력', '대졸↑', '정규직 외']","정밀광학, 인공지능(AI), 펌웨어, 하드웨어, 소프트웨어, 생명공학, 전기·전자, 연구·실험·기술, 의료·제약"
㈜마이크로인피니티 정규직 사원 모집,㈜마이크로인피니티,https://www.jobkorea.co.kr/Recruit/GI_Read/39518555?Oem_Code=C1&logpath=1&stext=파이썬&listno=150,대전 유성구 외,~10/31(월),"['신입·경력', '정규직', '대전 외']","전기기술, 전기제어, 구매관리, 외주관리, 자재관리, 자재구매, 자재구매기획, 시스템프로그래머, 임베디드, 유지보수, 하드웨어, 소프트웨어, 생산, 생산관리, 품질, 품질검사, 품질관리, 기술연구소, 기술직, 디스플레이, 생산기술, 전기·전자, 제품개발, 설계엔지니어, 임베디드, 전기, 전기·전자회로, 하드웨어"
[Perigee] 구조 설계 엔지니어 채용,페리지에어로스페이스㈜,https://www.jobkorea.co.kr/Recruit/GI_Read/39500346?Oem_Code=C1&logpath=1&stext=파이썬&listno=151,대전 대덕구,~11/24(목),"['경력무관', '학력무관', '정규직 외']","구조설계, 구조해석, 항공, 금속, 금형설계, 기구설계, 구조, 조선·항공·우주"
소프트웨어 정규직 개발자 채용,㈜바투잼,https://www.jobkorea.co.kr/Recruit/GI_Read/39485419?Oem_Code=C1&logpath=1&stext=파이썬&listno=152,대전 유성구,~10/23(일),"['신입·경력1년↑', '초대졸↑', '정규직']","C, C#, C++, 하드웨어, 소프트웨어"
프로그래밍 문법 및 알고리즘 강사/웹코딩 강사/마케팅 채용,비엔디,https://www.jobkorea.co.kr/Recruit/GI_Read/39475100?Oem_Code=C1&logpath=1&stext=파이썬&listno=153,대전 서구,~10/23(일),"['경력무관', '대졸↑', '계약직 외']","학원강사, IT학원, 마케팅, 컴퓨터학원강사, IT학원강사"
[정규직] 대전연구소 하드웨어 엔지니어 모집,동강엠텍㈜,https://www.jobkorea.co.kr/Recruit/GI_Read/39471190?Oem_Code=C1&logpath=1&stext=파이썬&listno=154,대전 유성구,상시채용,"['경력5년↑', '대졸↑', '정규직']","연구관리, 제품개발"
세종컴퓨터학원(보람동) IT 컴퓨터학원 강사님 모집,엔원,https://www.jobkorea.co.kr/Recruit/GI_Read/39403119?Oem_Code=C1&logpath=1&stext=파이썬&listno=155,대전 전지역 외,상시채용,"['경력무관', '고졸↑', '정규직 외']","학원강사, IT학원, 컴퓨터학원강사, IT학원강사"
유클리드소프트 기업부설연구소 연구원(데이터 리서처/엔지니어) 모집,㈜유클리드소프트,https://www.jobkorea.co.kr/Recruit/GI_Read/39392583?Oem_Code=C1&logpath=1&stext=파이썬&listno=156,대전 동구,~11/15(화),"['경력2년↑', '대졸↑', '정규직']","소프트웨어개발, BigData, SI, SM, 빅데이터, 데이터분석"
"세종컴퓨터학원 그래픽, IT 강사님 모집(프리랜서)",세종컴퓨터학원,https://www.jobkorea.co.kr/Recruit/GI_Read/39389037?Oem_Code=C1&logpath=1&stext=파이썬&listno=157,대전 전지역 외,상시채용,"['경력무관', '초대졸↑', '프리랜서']","IT학원, OA강의"
SBS아카데미 컴퓨터아트학원 천안지점 채용공고 (교육상담/마케팅/학원강사/인포데스크/총무),㈜에스씨에이아카데미천안,https://www.jobkorea.co.kr/Recruit/GI_Read/39334561?Oem_Code=C1&logpath=1&stext=파이썬&listno=158,충남 천안시,~11/08(화),"['경력무관', '고졸↑', '정규직 외']","마케팅, 바이럴마케팅, 디자인강의, 프로그램강의, OA강의, 교육상담, 수강생관리, 안내상담, 프로그램상담, 학원운영"
하반기 Web 프로그래머 및 SW 개발자 모집,㈜젠토,https://www.jobkorea.co.kr/Recruit/GI_Read/39185044?Oem_Code=C1&logpath=1&stext=파이썬&listno=159,대전 유성구 외,상시채용,"['경력무관', '대졸↑', '정규직']","소프트웨어개발, SI"
[램플코딩학원] 온오프라인 코딩 강사 채용,밸류에잇 벤처스(Valuate Ven,https://www.jobkorea.co.kr/Recruit/GI_Read/39133018?Oem_Code=C1&logpath=1&stext=파이썬&listno=160,대전 서구,상시채용,"['경력무관', '초대졸↑', '계약직']",IT학원강사
"취리히인스트루먼트 어플리케이션 엔지니어 (물리학, 전자공학 분야)",Zurich Instruments AG,https://www.jobkorea.co.kr/Recruit/GI_Read/39097650?Oem_Code=C1&logpath=1&stext=파이썬&listno=161,대전 전지역 외,~10/17(월),"['신입·경력', '석사↑', '정규직']","전자, 전기·전자, 연구·실험·기술"
Field Application Engineer - Quantum Technology,Zurich Instruments AG,https://www.jobkorea.co.kr/Recruit/GI_Read/39097597?Oem_Code=C1&logpath=1&stext=파이썬&listno=162,대전 전지역 외,~10/17(월),"['경력', '석사↑', '정규직']","전자, 전기·전자, 연구·실험·기술"
(외국계 반도체 장비 글로벌 대기업) Software Engineer (전임연구원-책임연구원),외국계 기업,https://www.jobkorea.co.kr/Recruit/GI_Read/39918781?PageGbn=HH&logpath=1&stext=파이썬&listno=163,충남 아산시 외,~01/07(토),"['경력3년↑', '초대졸↑', '정규직']","PLC(Omron, Straton), Python, PLC/소프트웨어 설계, 디스플레이, 반도체, 반도체생산, 반도체장비, 정밀광학, 기술연구소, 메카트로닉스, 반도체, 제어, R&D"
코스닥상장중견기업] 물류시스템 제어개발 경력직 채용,중견기업(300명이상),https://www.jobkorea.co.kr/Recruit/GI_Read/39849458?PageGbn=HH&logpath=1&stext=파이썬&listno=164,충남 전지역,~10/17(월),"['경력3년↑', '대졸↑', '정규직']","디스플레이, 반도체장비, C, C#, C++, Python, PLC"
코스닥상장중견기업] 제어설계 (PC) 경력직 채용,중견기업(300명이상),https://www.jobkorea.co.kr/Recruit/GI_Read/39849436?PageGbn=HH&logpath=1&stext=파이썬&listno=165,충남 전지역 외,~10/17(월),"['경력2년↑', '대졸↑', '정규직']","디스플레이, 반도체장비, 응용프로그래머, C, C#, C++, Python, FPGA, PLC"
코스닥상장중견기업] 제어설계(AGV/LGV) 경력직 채용,중견기업(300명이상),https://www.jobkorea.co.kr/Recruit/GI_Read/39849348?PageGbn=HH&logpath=1&stext=파이썬&listno=166,충남 전지역,~10/17(월),"['경력3년↑', '대졸↑', '정규직']","디스플레이, 반도체장비, C, C#, C++, Python"
[임상진단 유망 스타트업] 생물정보학 전문가(BI) Screening (신입/경력),중소기업(300명이하),https://www.jobkorea.co.kr/Recruit/GI_Read/39774947?PageGbn=HH&logpath=1&stext=파이썬&listno=167,대전 전지역,~10/14(금),"['경력', '석사↑', '정규직']","알고리즘개발, 통계분석, Bash, 생명정보학, 파이프라인개발, Cell-free DNA 분석, 암조기진단, NGS데이터분석, 바이오, 생명공학, 의약, 제약, Python, R, 데이터분석, 바이오, 의료, 미생물, 임상개발"
AI/Big Data 연구원(그룹사),전기전자대기업,https://www.jobkorea.co.kr/Recruit/GI_Read/39704786?PageGbn=HH&logpath=1&stext=파이썬&listno=168,충남 천안시 외,~10/31(월),"['경력6년↑', '대졸↑', '정규직']","자동제어, 전기제어, 전기회로, 전장, 제어, Python, 인공지능(AI), 빅데이터, 머신러닝(ML), 딥러닝"
[외국계 Abatement 장비사] Software Engineer 대리-과장급,중견기업(300명이상),https://www.jobkorea.co.kr/Recruit/GI_Read/39878270?PageGbn=HH&logpath=1&stext=파이썬&listno=169,충남 아산시 외,~10/18(화),"['경력5년↑', '대졸↑', '정규직']","기계, 기계설비, 메카트로닉스, 시스템프로그래머, 임베디드, 펌웨어, HMI, PLC, 제어, PLC"
[중견코스닥] 기술혁신팀 팀장급 모집,중견기업(300명이상),https://www.jobkorea.co.kr/Recruit/GI_Read/39843135?PageGbn=HH&logpath=1&stext=파이썬&listno=170,충북 청주시,~10/30(일),"['경력12년↑', '대졸↑', '정규직']","에너지, 공정관리, 생산관리, 기계, 설비"
[외국계 반도체 장비 부품사] Software Test Lead Engineer 과장-부장급,외국계 기업,https://www.jobkorea.co.kr/Recruit/GI_Read/39483563?PageGbn=HH&logpath=1&stext=파이썬&listno=171,충남 천안시,~11/23(수),"['경력8년↑', '대졸↑', '정규직']","공압기기, 기계, 기계설계, 기계설비, 유압기기, 소프트웨어, 테스트엔지니어, PLC"
[헬스케어스타트업] 의료 영상 기반 진단 보조 AI 솔루션 개발자 모십니다:),중소기업(300명이하),https://www.jobkorea.co.kr/Recruit/GI_Read/39262815?PageGbn=HH&logpath=1&stext=파이썬&listno=172,대전 중구 외,~11/01(화),"['경력5년↑', '대졸↑', '정규직']","서치펌, 헤드헌팅, 인공지능(AI), 딥러닝"
[10대그룹사] 발전소 IT개발 담당(충남 당진),대기업,https://www.jobkorea.co.kr/Recruit/GI_Read/39064011?PageGbn=HH&logpath=1&stext=파이썬&listno=173,충남 당진시,~10/13(목),"['경력3년↑', '대졸↑', '정규직']","에너지, 시스템프로그래머"
[알고리즘랩스] 파이썬 서버(백엔드) 개발자,(주)알고리즘랩스,https://www.saramin.co.kr/zf_user/jobs/view?view_type=search&rec_idx=42409081&location=ts&searchword=%ED%8C%8C%EC%9D%B4%EC%8D%AC%2C&searchType=search&paid_fl=n&search_uuid=8e70740e-b2e0-4301-ad54-6d91b2a87352,대전전체 ,상시채용,"['신입·경력', '석사↑']","['백엔드/서버개발', ' 웹개발', ' 프론트엔드', ' DBA', ' SE(시스템엔지니어) ']"
파이썬 개발자 모집(대전),(주)키네틱스,https://www.saramin.co.kr/zf_user/jobs/view?view_type=search&rec_idx=44075619&location=ts&searchword=%ED%8C%8C%EC%9D%B4%EC%8D%AC%2C&searchType=search&paid_fl=n&search_uuid=8e70740e-b2e0-4301-ad54-6d91b2a87352,대전 유성구 ,~ 11/25(금),"['경력무관', '학력무관']","['Windows', ' Python', ' Pytorch', ' S/W', ' 전자 수정일 22/09/26 ']"
"[아이티존]Python/Java-빅데이터솔루션개발(정규직,대전)",(주)아이티존,https://www.saramin.co.kr/zf_user/jobs/view?view_type=search&rec_idx=44187454&location=ts&searchword=%ED%8C%8C%EC%9D%B4%EC%8D%AC%2C&searchType=search&paid_fl=n&search_uuid=8e70740e-b2e0-4301-ad54-6d91b2a87352,대전전체 ,상시채용,"['신입·경력', '초대졸↑']","['데이터분석가', ' 데이터엔지니어', ' 백엔드/서버개발', ' 웹개발', ' 데이터마이닝 ']"
"Python/C++/C#/Unity-AI, Vision, 3D카메라[전문연가능]",(주)가치소프트,https://www.saramin.co.kr/zf_user/jobs/view?view_type=search&rec_idx=43996539&location=ts&searchword=%ED%8C%8C%EC%9D%B4%EC%8D%AC%2C&searchType=search&paid_fl=n&search_uuid=8e70740e-b2e0-4301-ad54-6d91b2a87352,대전 유성구 ,채용시,"['경력무관', '대졸↑']","['알고리즘', ' 영상처리', ' 이미지프로세싱', ' Windows', ' C# ']"
[AI] Python JAVA 머신러닝 개발자 모집,(주)아이와즈,https://www.saramin.co.kr/zf_user/jobs/view?view_type=search&rec_idx=43866858&location=ts&searchword=%ED%8C%8C%EC%9D%B4%EC%8D%AC%2C&searchType=search&paid_fl=n&search_uuid=8e70740e-b2e0-4301-ad54-6d91b2a87352,대전 유성구 ,채용시,"['경력', '학력무관']","['데이터라벨링', ' 데이터마이닝', ' 데이터시각화', ' 딥러닝', ' 머신러닝 ']"
"[경력&신입] 빅데이터 솔루션 개발-Python,Java(정규직) 채용",(주)아이티존,https://www.saramin.co.kr/zf_user/jobs/view?view_type=search&rec_idx=44131276&location=ts&searchword=%ED%8C%8C%EC%9D%B4%EC%8D%AC%2C&searchType=search&paid_fl=n&search_uuid=8e70740e-b2e0-4301-ad54-6d91b2a87352,대전 유성구 ,~ 11/03(목),"['신입·경력', '초대졸↑']","['백엔드/서버개발', ' 웹개발', ' SI개발', ' 데이터시각화', ' 머신러닝 ']"
신입/경력 개발자 모집(JAVA 및 Python),(주)아이넷테크,https://www.saramin.co.kr/zf_user/jobs/view?view_type=search&rec_idx=43811332&location=ts&searchword=%ED%8C%8C%EC%9D%B4%EC%8D%AC%2C&searchType=search&paid_fl=n&search_uuid=8e70740e-b2e0-4301-ad54-6d91b2a87352,대전 유성구 ,채용시,"['경력무관', '학력무관']","['웹개발', ' Java', ' Python', ' SI·시스템통합', ' NI·네트워크통합 ']"
"프로그래밍(JAVA, Python) / 디자인 / OA 분야 강사 채용",(주)한국아이티전문학원,https://www.saramin.co.kr/zf_user/jobs/view?view_type=search&rec_idx=44031964&location=ts&searchword=%ED%8C%8C%EC%9D%B4%EC%8D%AC%2C&searchType=search&paid_fl=n&search_uuid=8e70740e-b2e0-4301-ad54-6d91b2a87352,충북 청주시 상당구 ,채용시,"['경력무관', '초대졸↑']","['데이터분석가', ' 백엔드/서버개발', ' 앱개발', ' 웹개발', ' 프론트엔드 ']"
Vision/MFC/C# Python Tensorflow CUDA yolo v5 개발직,화랑,https://www.saramin.co.kr/zf_user/jobs/view?view_type=search&rec_idx=43827712&location=ts&searchword=%ED%8C%8C%EC%9D%B4%EC%8D%AC%2C&searchType=search&paid_fl=n&search_uuid=8e70740e-b2e0-4301-ad54-6d91b2a87352,충남 천안시 동남구 ,~ 10/22(토),"['경력무관', '초대졸↑']","['S/W', ' C#', ' VisualC·C++', ' C++', ' MFC ']"
"2022년 데이터분석, 개발 (Python/JAVA/SAS) 정규직 채용",(주)허브넷컴퍼니,https://www.saramin.co.kr/zf_user/jobs/view?view_type=search&rec_idx=44080583&location=ts&searchword=%ED%8C%8C%EC%9D%B4%EC%8D%AC%2C&searchType=search&paid_fl=n&search_uuid=8e70740e-b2e0-4301-ad54-6d91b2a87352,대전 유성구 ,~ 11/26(토),"['신입·경력', '대졸↑']","['데이터분석가', ' 빅데이터', ' AI(인공지능)', ' Python', ' Java ']"
캐논코리아 각 부문 채용 (본사/지사),캐논코리아 주식회사,https://www.saramin.co.kr/zf_user/jobs/view?view_type=search&rec_idx=44123769&location=ts&searchword=%ED%8C%8C%EC%9D%B4%EC%8D%AC%2C&searchType=search&paid_fl=n&search_uuid=8e70740e-b2e0-4301-ad54-6d91b2a87352,대전전체 ,~ 10/31(월),"['신입·경력', '초대졸↑']","['데이터엔지니어', ' 백엔드/서버개발', ' 보안컨설팅', ' 앱개발', ' 웹개발 ']"
2022년 하반기 코웨이 신입사원 모집,코웨이(주),https://www.saramin.co.kr/zf_user/jobs/view?view_type=search&rec_idx=44170709&location=ts&searchword=%ED%8C%8C%EC%9D%B4%EC%8D%AC%2C&searchType=search&paid_fl=n&search_uuid=8e70740e-b2e0-4301-ad54-6d91b2a87352,서울 구로구 ,~ 10/25(화),"['신입', '대졸↑']","['DBMS', ' ERP', ' SAP', ' Python', ' R ']"
2022 메디톡스 그룹 신입/경력사원 채용,(주)메디톡스,https://www.saramin.co.kr/zf_user/jobs/view?view_type=search&rec_idx=44150436&location=ts&searchword=%ED%8C%8C%EC%9D%B4%EC%8D%AC%2C&searchType=search&paid_fl=n&search_uuid=8e70740e-b2e0-4301-ad54-6d91b2a87352,대전전체 ,~ 10/23(일),"['신입·경력', '학력무관']","['SE(시스템엔지니어)', ' ERP', ' 기업회계', ' 법률사무원', ' 인/허가 ']"
풀무원 각 부문 경력/신입사원 모집,(주)풀무원,https://www.saramin.co.kr/zf_user/jobs/view?view_type=search&rec_idx=44088775&location=ts&searchword=%ED%8C%8C%EC%9D%B4%EC%8D%AC%2C&searchType=search&paid_fl=n&search_uuid=8e70740e-b2e0-4301-ad54-6d91b2a87352,서울 강남구 ,~ 10/15(토),"['신입·경력', '고졸↑']","['데이터분석가', ' 데이터엔지니어', ' 백엔드/서버개발', ' 앱개발', ' 웹개발 ']"
어드밴텍케이알㈜ 신입/경력 채용,어드밴텍케이알(주),https://www.saramin.co.kr/zf_user/jobs/view?view_type=search&rec_idx=44170308&location=ts&searchword=%ED%8C%8C%EC%9D%B4%EC%8D%AC%2C&searchType=search&paid_fl=n&search_uuid=8e70740e-b2e0-4301-ad54-6d91b2a87352,서울 강서구 ,~ 10/23(일),"['신입·경력', '학력무관']","['기술지원', ' 데이터엔지니어', ' 웹개발', ' 웹마스터', ' 유지보수 ']"
22년 하반기 GS EPS 신입사원 수시채용/경력사원 상시채용,지에스이피에스(주),https://www.saramin.co.kr/zf_user/jobs/view?view_type=search&rec_idx=44140694&location=ts&searchword=%ED%8C%8C%EC%9D%B4%EC%8D%AC%2C&searchType=search&paid_fl=n&search_uuid=8e70740e-b2e0-4301-ad54-6d91b2a87352,충남 당진시 ,~ 10/18(화),"['신입·경력', '초대졸↑']","['앱개발', ' 웹개발', ' 정보보안', ' 인프라', ' 클라우드 ']"
신입사원 채용 및 채용연계형 인턴 모집 공고,교보생명보험(주),https://www.saramin.co.kr/zf_user/jobs/view?view_type=search&rec_idx=44157995&location=ts&searchword=%ED%8C%8C%EC%9D%B4%EC%8D%AC%2C&searchType=search&paid_fl=n&search_uuid=8e70740e-b2e0-4301-ad54-6d91b2a87352,충남전체 ,~ 10/24(월),"['신입', '대졸↑']","['데이터분석가', ' 데이터엔지니어', ' 백엔드/서버개발', ' 보안컨설팅', ' 앱개발 ']"
2022년 신입/경력직원 채용,제이비(주),https://www.saramin.co.kr/zf_user/jobs/view?view_type=search&rec_idx=44144914&location=ts&searchword=%ED%8C%8C%EC%9D%B4%EC%8D%AC%2C&searchType=search&paid_fl=n&search_uuid=8e70740e-b2e0-4301-ad54-6d91b2a87352,충남 아산시 ,~ 10/14(금),"['신입·경력', '대졸↑']","['데이터분석가', ' 데이터엔지니어', ' 유지보수', ' 정보보안', ' 데이터마이닝 ']"
도미노피자 각 부문 (자회사/관계사포함) 공개채용,청오디피케이(주),https://www.saramin.co.kr/zf_user/jobs/view?view_type=search&rec_idx=44111077&location=ts&searchword=%ED%8C%8C%EC%9D%B4%EC%8D%AC%2C&searchType=search&paid_fl=n&search_uuid=8e70740e-b2e0-4301-ad54-6d91b2a87352,충남전체 ,~ 11/01(화),"['경력무관', '학력무관']","['기술지원', ' 백엔드/서버개발', ' 보안컨설팅', ' 앱개발', ' 웹개발 ']"
자동차애프터마켓 ll 사세확장 전 부문 신입/경력 채용,오토앤(주),https://www.saramin.co.kr/zf_user/jobs/view?view_type=search&rec_idx=43905109&location=ts&searchword=%ED%8C%8C%EC%9D%B4%EC%8D%AC%2C&searchType=search&paid_fl=n&search_uuid=8e70740e-b2e0-4301-ad54-6d91b2a87352,경기 안양시 ,~ 10/31(월),"['신입·경력', '학력무관']","['백엔드/서버개발', ' 보안컨설팅', ' 앱개발', ' 웹개발', ' 웹마스터 ']"
2022년 하반기 (주)윕스 부문별 신입 및 경력사원 채용,(주)윕스,https://www.saramin.co.kr/zf_user/jobs/view?view_type=search&rec_idx=44092930&location=ts&searchword=%ED%8C%8C%EC%9D%B4%EC%8D%AC%2C&searchType=search&paid_fl=n&search_uuid=8e70740e-b2e0-4301-ad54-6d91b2a87352,서울 마포구 ,내일마감,"['신입·경력', '학력무관']","['백엔드/서버개발', ' 웹개발', ' 퍼블리셔', ' 프론트엔드', ' 빅데이터 ']"
2022년 한솔그룹 대졸 신입사원 모집,한솔그룹,https://www.saramin.co.kr/zf_user/jobs/view?view_type=search&rec_idx=43987147&location=ts&searchword=%ED%8C%8C%EC%9D%B4%EC%8D%AC%2C&searchType=search&paid_fl=n&search_uuid=8e70740e-b2e0-4301-ad54-6d91b2a87352,서울전체 ,~ 10/14(금),"['신입', '대졸↑']","['Windows', ' C#', ' C++', ' C언어', ' Java ']"
2022년 각 부문별 신입/경력 채용(대구 및 서울),주식회사 리만코리아,https://www.saramin.co.kr/zf_user/jobs/view?view_type=search&rec_idx=44070300&location=ts&searchword=%ED%8C%8C%EC%9D%B4%EC%8D%AC%2C&searchType=search&paid_fl=n&search_uuid=8e70740e-b2e0-4301-ad54-6d91b2a87352,대전전체 ,~ 11/09(수),"['신입·경력', '학력무관']","['백엔드/서버개발', ' 정보보안', ' 프론트엔드', ' SE(시스템엔지니어)', ' 네트워크 ']"
하반기 각 부문별 신입 채용,(주)키파운드리,https://www.saramin.co.kr/zf_user/jobs/view?view_type=search&rec_idx=44184349&location=ts&searchword=%ED%8C%8C%EC%9D%B4%EC%8D%AC%2C&searchType=search&paid_fl=n&search_uuid=8e70740e-b2e0-4301-ad54-6d91b2a87352,충북 청주시 흥덕구 ,~ 10/23(일),"['신입', '대졸↑']","['C++', ' C언어', ' Python', ' VisualC·C++', ' 컴플라이언스 ']"
각 분야 채용공고,(주)디모아,https://www.saramin.co.kr/zf_user/jobs/view?view_type=search&rec_idx=42912594&location=ts&searchword=%ED%8C%8C%EC%9D%B4%EC%8D%AC%2C&searchType=search&paid_fl=n&search_uuid=8e70740e-b2e0-4301-ad54-6d91b2a87352,서울 용산구 ,~ 10/14(금),"['신입·경력', '학력무관']","['데이터엔지니어', ' 유지보수', ' SE(시스템엔지니어)', ' 빅데이터', ' 클라우드 ']"
한국유미코아 연구소/각 부문별 신입/경력 채용공고,한국유미코아(유),https://www.saramin.co.kr/zf_user/jobs/view?view_type=search&rec_idx=44157728&location=ts&searchword=%ED%8C%8C%EC%9D%B4%EC%8D%AC%2C&searchType=search&paid_fl=n&search_uuid=8e70740e-b2e0-4301-ad54-6d91b2a87352,충남 천안시 서북구 ,~ 10/31(월),"['신입·경력', '대졸↑']","['SAP', ' MSSQL', ' MySQL', ' NoSQL', ' SQL ']"
[교육비 전액무료] 인공지능(AI)/소프트웨어(SW) 교육생 모집,한국표준협회,https://www.saramin.co.kr/zf_user/jobs/view?view_type=search&rec_idx=44025810&location=ts&searchword=%ED%8C%8C%EC%9D%B4%EC%8D%AC%2C&searchType=search&paid_fl=n&search_uuid=8e70740e-b2e0-4301-ad54-6d91b2a87352,대전전체 ,~ 11/23(수),"['경력무관', '학력무관']","['기술지원', ' 데이터분석가', ' 데이터엔지니어', ' 백엔드/서버개발', ' 웹개발 ']"
[kt ds] 2022년 각 부문별 경력사원 수시채용,(주)케이티디에스,https://www.saramin.co.kr/zf_user/jobs/view?view_type=search&rec_idx=42080679&location=ts&searchword=%ED%8C%8C%EC%9D%B4%EC%8D%AC%2C&searchType=search&paid_fl=n&search_uuid=8e70740e-b2e0-4301-ad54-6d91b2a87352,서울 서초구 ,~ 12/31(토),"['경력', '학력무관']","['게임개발', ' 데이터분석가', ' 데이터엔지니어', ' 백엔드/서버개발', ' 보안컨설팅 ']"
2022년 각 부문별 신입/경력 채용,(주)파미,https://www.saramin.co.kr/zf_user/jobs/view?view_type=search&rec_idx=44107296&location=ts&searchword=%ED%8C%8C%EC%9D%B4%EC%8D%AC%2C&searchType=search&paid_fl=n&search_uuid=8e70740e-b2e0-4301-ad54-6d91b2a87352,대전 유성구 ,~ 10/18(화),"['신입·경력', '초대졸↑']","['DBA', ' IT컨설팅', ' SE(시스템엔지니어)', ' 데이터마이닝', ' 딥러닝 ']"
한국갤럽조사연구소 각 부문 정규직 모집,(주)한국갤럽조사연구소,https://www.saramin.co.kr/zf_user/jobs/view?view_type=search&rec_idx=44143618&location=ts&searchword=%ED%8C%8C%EC%9D%B4%EC%8D%AC%2C&searchType=search&paid_fl=n&search_uuid=8e70740e-b2e0-4301-ad54-6d91b2a87352,대전전체 ,~ 10/21(금),"['신입·경력', '학력무관']","['데이터분석가', ' 데이터엔지니어', ' 웹개발', ' 퍼블리셔', ' 데이터라벨링 ']"
[솔탑] 2022년 각 부문 신입 / 경력 모집,(주)솔탑,https://www.saramin.co.kr/zf_user/jobs/view?view_type=search&rec_idx=44151163&location=ts&searchword=%ED%8C%8C%EC%9D%B4%EC%8D%AC%2C&searchType=search&paid_fl=n&search_uuid=8e70740e-b2e0-4301-ad54-6d91b2a87352,대전전체 ,~ 11/05(토),"['경력무관', '초대졸↑']","['백엔드/서버개발', ' 웹개발', ' H/W', ' S/W', ' Java ']"
2023년 신입사원 대규모 공개 채용,슈어소프트테크(주),https://www.saramin.co.kr/zf_user/jobs/view?view_type=search&rec_idx=44045057&location=ts&searchword=%ED%8C%8C%EC%9D%B4%EC%8D%AC%2C&searchType=search&paid_fl=n&search_uuid=8e70740e-b2e0-4301-ad54-6d91b2a87352,서울 강남구 ,~ 10/16(일),"['신입', '초대졸↑']","['백엔드/서버개발', ' 앱개발', ' 웹개발', ' 프론트엔드', ' QA/테스터 ']"
㈜마이크로인피니티 정규직 사원 모집,(주)마이크로인피니티,https://www.saramin.co.kr/zf_user/jobs/view?view_type=search&rec_idx=43869135&location=ts&searchword=%ED%8C%8C%EC%9D%B4%EC%8D%AC%2C&searchType=search&paid_fl=n&search_uuid=8e70740e-b2e0-4301-ad54-6d91b2a87352,대전전체 ,~ 10/31(월),"['경력무관', '고졸↑']","['임베디드', ' 펌웨어', ' H/W', ' S/W', ' C# ']"
2022년 10월 경력사원 모집 (제조지능화센터),(주)엘지에너지솔루션,https://www.saramin.co.kr/zf_user/jobs/view?view_type=search&rec_idx=44150897&location=ts&searchword=%ED%8C%8C%EC%9D%B4%EC%8D%AC%2C&searchType=search&paid_fl=n&search_uuid=8e70740e-b2e0-4301-ad54-6d91b2a87352,충북 청주시 ,~ 10/18(화),"['경력3년↑', '학력무관']","['데이터분석가', ' 데이터시각화', ' 딥러닝', ' 빅데이터', ' 알고리즘 ']"
[공개채용] 2022년 (주)지니 하반기 공개채용,(주)지니,https://www.saramin.co.kr/zf_user/jobs/view?view_type=search&rec_idx=44048964&location=ts&searchword=%ED%8C%8C%EC%9D%B4%EC%8D%AC%2C&searchType=search&paid_fl=n&search_uuid=8e70740e-b2e0-4301-ad54-6d91b2a87352,대전 서구 ,~ 10/14(금),"['경력무관', '학력무관']","['IT컨설팅', ' 영업직', ' 가맹점영업', ' 기업영업', ' 경영분석 ']"
2022년 하반기 각 부문 신입/경력 공채,(주)오토실리콘,https://www.saramin.co.kr/zf_user/jobs/view?view_type=search&rec_idx=44158795&location=ts&searchword=%ED%8C%8C%EC%9D%B4%EC%8D%AC%2C&searchType=search&paid_fl=n&search_uuid=8e70740e-b2e0-4301-ad54-6d91b2a87352,대전 유성구 ,~ 10/31(월),"['신입·경력', '대졸↑']","['데이터분석가', ' 데이터엔지니어', ' 백엔드/서버개발', ' 보안컨설팅', ' 웹개발 ']"
2022년 하반기 수시채용,(주)에스아이에이,https://www.saramin.co.kr/zf_user/jobs/view?view_type=search&rec_idx=44093209&location=ts&searchword=%ED%8C%8C%EC%9D%B4%EC%8D%AC%2C&searchType=search&paid_fl=n&search_uuid=8e70740e-b2e0-4301-ad54-6d91b2a87352,대전전체 ,~ 10/31(월),"['신입·경력', '학력무관']","['기술지원', ' 데이터엔지니어', ' 백엔드/서버개발', ' 정보보안', ' 프론트엔드 ']"
[뉴로메카] 로보틱스부문 CS엔지니어 및 생산관리 인력 채용,(주)뉴로메카,https://www.saramin.co.kr/zf_user/jobs/view?view_type=search&rec_idx=44041780&location=ts&searchword=%ED%8C%8C%EC%9D%B4%EC%8D%AC%2C&searchType=search&paid_fl=n&search_uuid=8e70740e-b2e0-4301-ad54-6d91b2a87352,대전 유성구 ,~ 10/22(토),"['경력무관', '고졸↑']","['Python', ' 문서작성', ' 로봇엔지니어', ' 로봇설계', ' 기계조작원 ']"
프론트엔드 개발자,(주)사미텍,https://www.saramin.co.kr/zf_user/jobs/view?view_type=search&rec_idx=44120555&location=ts&searchword=%ED%8C%8C%EC%9D%B4%EC%8D%AC%2C&searchType=search&paid_fl=n&search_uuid=8e70740e-b2e0-4301-ad54-6d91b2a87352,대전전체 ,상시채용,"['신입·경력', '초대졸↑']","['웹개발', ' 퍼블리셔', ' 프론트엔드', ' 반응형웹', ' 웹표준·웹접근성 ']"
사세확장으로 인한 신규 직원 채용,(주)피코팩,https://www.saramin.co.kr/zf_user/jobs/view?view_type=search&rec_idx=44092410&location=ts&searchword=%ED%8C%8C%EC%9D%B4%EC%8D%AC%2C&searchType=search&paid_fl=n&search_uuid=8e70740e-b2e0-4301-ad54-6d91b2a87352,대전 대덕구 ,~ 10/31(월),"['경력무관', '대졸↑']",['해']
[쿠팡] 안성5 TW Consolidation 정규직 현장관리자 모집,쿠팡풀필먼트서비스(유),https://www.saramin.co.kr/zf_user/jobs/view?view_type=search&rec_idx=43930178&location=ts&searchword=%ED%8C%8C%EC%9D%B4%EC%8D%AC%2C&searchType=search&paid_fl=n&search_uuid=8e70740e-b2e0-4301-ad54-6d91b2a87352,충남전체 ,채용시,"['경력무관', '고졸↑']","['물류관리', ' 유통관리', ' 입고/입하', ' 출고/출하', ' 유통업 ']"
한국산업데이터표준협회(KSTEP) 연구원 채용,(사)한국산업데이터표준협회,https://www.saramin.co.kr/zf_user/jobs/view?view_type=search&rec_idx=44084605&location=ts&searchword=%ED%8C%8C%EC%9D%B4%EC%8D%AC%2C&searchType=search&paid_fl=n&search_uuid=8e70740e-b2e0-4301-ad54-6d91b2a87352,대전 유성구 ,~ 10/27(목),"['경력무관', '대졸↑']","['전산회계', ' 계산서발행', ' 관리회계', ' 기업회계', ' 예산관리 ']"
(주)넷타겟 각 부문별 수시채용,(주)넷타겟,https://www.saramin.co.kr/zf_user/jobs/view?view_type=search&rec_idx=43808669&location=ts&searchword=%ED%8C%8C%EC%9D%B4%EC%8D%AC%2C&searchType=search&paid_fl=n&search_uuid=8e70740e-b2e0-4301-ad54-6d91b2a87352,대전 유성구 ,상시채용,"['경력무관', '학력무관']","['백엔드/서버개발', ' 프론트엔드', ' 데이터마이닝', ' 머신러닝', ' S/W ']"
충북대학교병원 국책과제 개별고용연구원 채용(의료AI),충북대학교병원,https://www.saramin.co.kr/zf_user/jobs/view?view_type=search&rec_idx=44144192&location=ts&searchword=%ED%8C%8C%EC%9D%B4%EC%8D%AC%2C&searchType=search&paid_fl=n&search_uuid=8e70740e-b2e0-4301-ad54-6d91b2a87352,충북 청주시 서원구 ,~ 11/05(토),"['신입·경력', '대졸↑']","['딥러닝', ' 머신러닝', ' 알고리즘개발', ' 학술연구', ' 알고리즘 ']"
[효성계열사] 신화인터텍(주) 각 부문 신입/경력 채용,신화인터텍(주),https://www.saramin.co.kr/zf_user/jobs/view?view_type=search&rec_idx=44185456&location=ts&searchword=%ED%8C%8C%EC%9D%B4%EC%8D%AC%2C&searchType=search&paid_fl=n&search_uuid=8e70740e-b2e0-4301-ad54-6d91b2a87352,충남 천안시 ,~ 11/11(금),"['신입·경력', '학력무관']","['AR(증강현실)', ' VR(가상현실)', ' Java', ' Javascript', ' PHP ']"
"[효성그룹계열사] ERP관리(IT), 전략기획 신입/ 경력 채용",신화인터텍(주),https://www.saramin.co.kr/zf_user/jobs/view?view_type=search&rec_idx=43882108&location=ts&searchword=%ED%8C%8C%EC%9D%B4%EC%8D%AC%2C&searchType=search&paid_fl=n&search_uuid=8e70740e-b2e0-4301-ad54-6d91b2a87352,충남전체 ,~ 10/30(일),"['경력2년↑', '초대졸↑']","['웹개발', ' 웹마스터', ' 정보보안', ' ERP', ' S/W ']"
(주)솔리드이엔지 사무직 - 클라우드 기술 신입사원 모집,(주)솔리드이엔지,https://www.saramin.co.kr/zf_user/jobs/view?view_type=search&rec_idx=44015378&location=ts&searchword=%ED%8C%8C%EC%9D%B4%EC%8D%AC%2C&searchType=search&paid_fl=n&search_uuid=8e70740e-b2e0-4301-ad54-6d91b2a87352,대전 유성구 ,~ 10/19(수),"['경력무관', '학력무관']","['기술지원', ' 유지보수', ' 정보보안', ' IT컨설팅', ' SE(시스템엔지니어) ']"
앤스코주식회사 2022년 신입 및 경력사원 채용,앤스코주식회사,https://www.saramin.co.kr/zf_user/jobs/view?view_type=search&rec_idx=44022625&location=ts&searchword=%ED%8C%8C%EC%9D%B4%EC%8D%AC%2C&searchType=search&paid_fl=n&search_uuid=8e70740e-b2e0-4301-ad54-6d91b2a87352,대전 유성구 ,~ 10/31(월),"['경력무관', '초대졸↑']","['S/W', ' 정보처리', ' 기계조작원', ' 전기제어', ' 비파괴검사원 ']"
소프트웨어개발부 신입&경력직 채용,케이.엘.이.에스(주),https://www.saramin.co.kr/zf_user/jobs/view?view_type=search&rec_idx=44159810&location=ts&searchword=%ED%8C%8C%EC%9D%B4%EC%8D%AC%2C&searchType=search&paid_fl=n&search_uuid=8e70740e-b2e0-4301-ad54-6d91b2a87352,대전 유성구 ,~ 11/06(일),"['신입·경력', '학력무관']","['백엔드/서버개발', ' 앱개발', ' 웹개발', ' 웹마스터', ' 반응형웹 ']"
[로봇사업본부] 사업개발팀원 채용,(주)트위니,https://www.saramin.co.kr/zf_user/jobs/view?view_type=search&rec_idx=44157819&location=ts&searchword=%ED%8C%8C%EC%9D%B4%EC%8D%AC%2C&searchType=search&paid_fl=n&search_uuid=8e70740e-b2e0-4301-ad54-6d91b2a87352,대전 유성구 ,채용시,"['경력무관', '학력무관']","['HTML', ' Javascript', ' Python', ' R', ' 서비스기획 ']"
"2022년 에스피파트너스 직원 채용 [웹개발, 데이터 분석부문]",(주)에스피파트너스,https://www.saramin.co.kr/zf_user/jobs/view?view_type=search&rec_idx=43999756&location=ts&searchword=%ED%8C%8C%EC%9D%B4%EC%8D%AC%2C&searchType=search&paid_fl=n&search_uuid=8e70740e-b2e0-4301-ad54-6d91b2a87352,충남 천안시 서북구 ,~ 10/31(월),"['신입·경력', '대졸↑']","['데이터분석가', ' 웹개발', ' 데이터시각화', ' 빅데이터', ' 솔루션 ']"
[CMES]  검사사업부 전 분야 채용 (시리즈B 300억 투자완료),(주)씨메스,https://www.saramin.co.kr/zf_user/jobs/view?view_type=search&rec_idx=43989379&location=ts&searchword=%ED%8C%8C%EC%9D%B4%EC%8D%AC%2C&searchType=search&paid_fl=n&search_uuid=8e70740e-b2e0-4301-ad54-6d91b2a87352,충북 청주시 ,~ 10/16(일),"['신입·경력', '대졸↑']","['기술지원', ' 유지보수', ' SE(시스템엔지니어)', ' SI개발', ' 알고리즘 ']"
생물정보학 전문가(BI) Screening 채용,(주)아이엠비디엑스,https://www.saramin.co.kr/zf_user/jobs/view?view_type=search&rec_idx=43999449&location=ts&searchword=%ED%8C%8C%EC%9D%B4%EC%8D%AC%2C&searchType=search&paid_fl=n&search_uuid=8e70740e-b2e0-4301-ad54-6d91b2a87352,서울 금천구 ,~ 10/15(토),"['신입·경력', '석사↑']","['데이터분석가', ' 머신러닝', ' 빅데이터', ' Python', ' R ']"
소프트웨어 개발자 채용,(주)한컴인스페이스,https://www.saramin.co.kr/zf_user/jobs/view?view_type=search&rec_idx=44013846&location=ts&searchword=%ED%8C%8C%EC%9D%B4%EC%8D%AC%2C&searchType=search&paid_fl=n&search_uuid=8e70740e-b2e0-4301-ad54-6d91b2a87352,대전 유성구 ,~ 11/18(금),"['경력', '대졸↑']","['백엔드/서버개발', ' 앱개발', ' 웹개발', ' 정보통신', ' S/W ']"
하반기 소프트웨어 개발 검증 신입/경력 수시 채용,슈어소프트테크(주),https://www.saramin.co.kr/zf_user/jobs/view?view_type=search&rec_idx=44130008&location=ts&searchword=%ED%8C%8C%EC%9D%B4%EC%8D%AC%2C&searchType=search&paid_fl=n&search_uuid=8e70740e-b2e0-4301-ad54-6d91b2a87352,서울 강남구 ,~ 11/03(목),"['신입·경력', '초대졸↑']","['QA/테스터', ' S/W', ' C#', ' C++', ' C언어 ']"
[뉴로메카] 로보틱스부문 연구개발부 인력 채용,(주)뉴로메카,https://www.saramin.co.kr/zf_user/jobs/view?view_type=search&rec_idx=43896917&location=ts&searchword=%ED%8C%8C%EC%9D%B4%EC%8D%AC%2C&searchType=search&paid_fl=n&search_uuid=8e70740e-b2e0-4301-ad54-6d91b2a87352,대전 유성구 ,~ 10/31(월),"['경력무관', '대졸↑']","['프론트엔드', ' Unity', ' 로봇엔지니어', ' R&D기획', ' 로봇설계 ']"
2022년 하반기 각 부문 신입/경력직 채용,(주)대건소프트,https://www.saramin.co.kr/zf_user/jobs/view?view_type=search&rec_idx=43958184&location=ts&searchword=%ED%8C%8C%EC%9D%B4%EC%8D%AC%2C&searchType=search&paid_fl=n&search_uuid=8e70740e-b2e0-4301-ad54-6d91b2a87352,대전 유성구 ,~ 10/14(금),"['신입·경력', '학력무관']","['데이터분석가', ' 데이터엔지니어', ' 백엔드/서버개발', ' 앱개발', ' 웹개발 ']"
기술영업/시스템 엔지니어/응용프로그래머 채용,금아데이타테크(주),https://www.saramin.co.kr/zf_user/jobs/view?view_type=search&rec_idx=43984730&location=ts&searchword=%ED%8C%8C%EC%9D%B4%EC%8D%AC%2C&searchType=search&paid_fl=n&search_uuid=8e70740e-b2e0-4301-ad54-6d91b2a87352,대전전체 ,~ 10/16(일),"['신입', '대졸↑']","['웹개발', ' IT컨설팅', ' SE(시스템엔지니어)', ' 모델링', ' 미들웨어 ']"
"대전,서울/스타트업/통합공고(R&D-병특O, 사업기획, 학술영업)",브이픽스메디칼,https://www.saramin.co.kr/zf_user/jobs/view?view_type=search&rec_idx=43924709&location=ts&searchword=%ED%8C%8C%EC%9D%B4%EC%8D%AC%2C&searchType=search&paid_fl=n&search_uuid=8e70740e-b2e0-4301-ad54-6d91b2a87352,대전 중구 ,채용시,"['경력무관', '대졸↑']","['딥러닝', ' 알고리즘', ' 이미지프로세싱', ' 컴퓨터비전', ' FPGA ']"
[컨텍] 소프트웨어 개발 인재채용,(주)컨텍,https://www.saramin.co.kr/zf_user/jobs/view?view_type=search&rec_idx=44064075&location=ts&searchword=%ED%8C%8C%EC%9D%B4%EC%8D%AC%2C&searchType=search&paid_fl=n&search_uuid=8e70740e-b2e0-4301-ad54-6d91b2a87352,대전 유성구 ,상시채용,"['경력무관', '대졸↑']","['웹개발', ' S/W', ' C#', ' C++', ' C언어 ']"
웹 개발자 채용,(주)에셈블,https://www.saramin.co.kr/zf_user/jobs/view?view_type=search&rec_idx=44077293&location=ts&searchword=%ED%8C%8C%EC%9D%B4%EC%8D%AC%2C&searchType=search&paid_fl=n&search_uuid=8e70740e-b2e0-4301-ad54-6d91b2a87352,대전 유성구 ,~ 10/27(목),"['신입·경력', '학력무관']","['앱개발', ' 프론트엔드', ' S/W', ' Android', ' Java ']"
"[대전]기구설계 신입/경력사원 모집(Catia, Solidworks 활용)",(주)한국파워셀,https://www.saramin.co.kr/zf_user/jobs/view?view_type=search&rec_idx=44045254&location=ts&searchword=%ED%8C%8C%EC%9D%B4%EC%8D%AC%2C&searchType=search&paid_fl=n&search_uuid=8e70740e-b2e0-4301-ad54-6d91b2a87352,대전 유성구 ,~ 11/21(월),"['경력무관', '학력무관']","['기술지원', ' 백엔드/서버개발', ' 프론트엔드', ' SE(시스템엔지니어)', ' 네트워크 ']"
"[정규직] 소프트웨어(SW) 개발자(신입, 경력)",(주)라인월드,https://www.saramin.co.kr/zf_user/jobs/view?view_type=search&rec_idx=43919438&location=ts&searchword=%ED%8C%8C%EC%9D%B4%EC%8D%AC%2C&searchType=search&paid_fl=n&search_uuid=8e70740e-b2e0-4301-ad54-6d91b2a87352,대전 유성구 ,~ 11/04(금),"['경력무관', '대졸↑']","['백엔드/서버개발', ' 웹개발', ' 유지보수', ' SI개발', ' 솔루션 ']"
[Perigee] Flight Control 엔지니어 및 테크니션 전 부문 모집,페리지에어로스페이스(주),https://www.saramin.co.kr/zf_user/jobs/view?view_type=search&rec_idx=44064000&location=ts&searchword=%ED%8C%8C%EC%9D%B4%EC%8D%AC%2C&searchType=search&paid_fl=n&search_uuid=8e70740e-b2e0-4301-ad54-6d91b2a87352,대전 서구 ,~ 10/26(수),"['경력무관', '고졸↑']","['S/W', ' C++', ' C언어', ' Git', ' HTML ']"
이엔유와 함께 성장할 개발자를 모집합니다.,이엔유(주),https://www.saramin.co.kr/zf_user/jobs/view?view_type=search&rec_idx=44138654&location=ts&searchword=%ED%8C%8C%EC%9D%B4%EC%8D%AC%2C&searchType=search&paid_fl=n&search_uuid=8e70740e-b2e0-4301-ad54-6d91b2a87352,대전 유성구 ,~ 11/04(금),"['신입·경력', '초대졸↑']","['백엔드/서버개발', ' 웹개발', ' SI개발', ' ICT컨설팅', ' 데이터마이닝 ']"
백엔드 개발자,(주)데이터메이커,https://www.saramin.co.kr/zf_user/jobs/view?view_type=search&rec_idx=42303412&location=ts&searchword=%ED%8C%8C%EC%9D%B4%EC%8D%AC%2C&searchType=search&paid_fl=n&search_uuid=8e70740e-b2e0-4301-ad54-6d91b2a87352,대전전체 ,상시채용,"['신입·경력', '학력무관']","['백엔드/서버개발', ' 웹개발', ' 프론트엔드', ' DBA', ' RDBMS ']"
웹개발자 및 응용소프트웨어 개발자 채용,(주)오션소프트,https://www.saramin.co.kr/zf_user/jobs/view?view_type=search&rec_idx=44049087&location=ts&searchword=%ED%8C%8C%EC%9D%B4%EC%8D%AC%2C&searchType=search&paid_fl=n&search_uuid=8e70740e-b2e0-4301-ad54-6d91b2a87352,대전 유성구 ,~ 10/23(일),"['경력무관', '학력무관']","['웹개발', ' 웹마스터', ' Windows', ' .NET', ' C# ']"
[단단광학] 기술연구소 광기계설계 부문 신입/경력 연구원 채용,(주)단단,https://www.saramin.co.kr/zf_user/jobs/view?view_type=search&rec_idx=44026516&location=ts&searchword=%ED%8C%8C%EC%9D%B4%EC%8D%AC%2C&searchType=search&paid_fl=n&search_uuid=8e70740e-b2e0-4301-ad54-6d91b2a87352,대전 유성구 ,~ 11/19(토),"['경력무관', '대졸↑']","['연구원', ' R&D', ' R&D기획', ' 광학설계', ' 기술연구 ']"
[Perigee] 구조 설계 엔지니어,페리지에어로스페이스(주),https://www.saramin.co.kr/zf_user/jobs/view?view_type=search&rec_idx=44064959&location=ts&searchword=%ED%8C%8C%EC%9D%B4%EC%8D%AC%2C&searchType=search&paid_fl=n&search_uuid=8e70740e-b2e0-4301-ad54-6d91b2a87352,대전 서구 ,~ 10/26(수),"['신입·경력', '대졸↑']","['구조해석/설계', ' 생산', ' 금속', ' 열해석', ' 항공기 ']"
이차전지 진단/평가 연구개발 정규직 모집 공고,(주)민테크,https://www.saramin.co.kr/zf_user/jobs/view?view_type=search&rec_idx=44144036&location=ts&searchword=%ED%8C%8C%EC%9D%B4%EC%8D%AC%2C&searchType=search&paid_fl=n&search_uuid=8e70740e-b2e0-4301-ad54-6d91b2a87352,대전 유성구 ,상시채용,"['경력무관', '대졸↑']","['연구원', ' R&D', ' 전기기술 등록일 22/10/06 ']"
백엔드 SW엔지니어 (대전),(주)넷타겟,https://www.saramin.co.kr/zf_user/jobs/view?view_type=search&rec_idx=42715888&location=ts&searchword=%ED%8C%8C%EC%9D%B4%EC%8D%AC%2C&searchType=search&paid_fl=n&search_uuid=8e70740e-b2e0-4301-ad54-6d91b2a87352,대전전체 ,~ 10/31(월),"['경력 5~10년', '대졸↑']","['백엔드/서버개발', ' 웹개발', ' 프론트엔드', ' SE(시스템엔지니어)', ' 클라우드 ']"
[대전] Back-end Engineer,오케스트로(주),https://www.saramin.co.kr/zf_user/jobs/view?view_type=search&rec_idx=43741637&location=ts&searchword=%ED%8C%8C%EC%9D%B4%EC%8D%AC%2C&searchType=search&paid_fl=n&search_uuid=8e70740e-b2e0-4301-ad54-6d91b2a87352,대전전체 ,상시채용,"['경력 1~5년', '학력무관']","['백엔드/서버개발', ' 웹개발', ' 블록체인', ' GoLang', ' Java ']"
"기술개발 연구소(PC제어,머신비젼, CIM) 신입 및 경력",세종기술(주),https://www.saramin.co.kr/zf_user/jobs/view?view_type=search&rec_idx=43830508&location=ts&searchword=%ED%8C%8C%EC%9D%B4%EC%8D%AC%2C&searchType=search&paid_fl=n&search_uuid=8e70740e-b2e0-4301-ad54-6d91b2a87352,충남전체 ,~ 10/22(토),"['경력무관', '초대졸↑']","['.NET', ' C#', ' MFC', ' Python', ' VisualC·C++ ']"
앱개발 및 응용S/W 개발 경력사원 모집,㈜바이오니아,https://www.saramin.co.kr/zf_user/jobs/view?view_type=search&rec_idx=44074056&location=ts&searchword=%ED%8C%8C%EC%9D%B4%EC%8D%AC%2C&searchType=search&paid_fl=n&search_uuid=8e70740e-b2e0-4301-ad54-6d91b2a87352,대전전체 ,~ 10/17(월),"['경력3년↑', '대졸↑']","['웹개발', ' 데이터마이닝', ' 펌웨어', ' Windows', ' 로봇설계 ']"
C# 개발자 (Automotive 시스템검증) - 대전,슈어소프트테크(주),https://www.saramin.co.kr/zf_user/jobs/view?view_type=search&rec_idx=41431228&location=ts&searchword=%ED%8C%8C%EC%9D%B4%EC%8D%AC%2C&searchType=search&paid_fl=n&search_uuid=8e70740e-b2e0-4301-ad54-6d91b2a87352,대전전체 ,상시채용,"['신입·경력', '초대졸↑']","['SE(시스템엔지니어)', ' S/W', ' C#', ' Linux', ' Python ']"
코아아이티 IT개발자 채용합니다,(주)코아아이티,https://www.saramin.co.kr/zf_user/jobs/view?view_type=search&rec_idx=43894477&location=ts&searchword=%ED%8C%8C%EC%9D%B4%EC%8D%AC%2C&searchType=search&paid_fl=n&search_uuid=8e70740e-b2e0-4301-ad54-6d91b2a87352,충북 청주시 청원구 ,상시채용,"['경력무관', '고졸↑']","['백엔드/서버개발', ' 웹개발', ' SI개발', ' 유지보수', ' 빅데이터 ']"
2022년 동강엠텍(주) 하반기 하드웨어 엔지니어 경력 채용 공고,동강엠텍(주),https://www.saramin.co.kr/zf_user/jobs/view?view_type=search&rec_idx=44055287&location=ts&searchword=%ED%8C%8C%EC%9D%B4%EC%8D%AC%2C&searchType=search&paid_fl=n&search_uuid=8e70740e-b2e0-4301-ad54-6d91b2a87352,대전 유성구 ,채용시,"['경력 5~10년', '대졸↑']","['데이터엔지니어', ' S/W', ' Python', ' 하드웨어엔지니어', ' 무역업 ']"
엔지니어 채용,(주)아인스에스엔씨,https://www.saramin.co.kr/zf_user/jobs/view?view_type=search&rec_idx=44084303&location=ts&searchword=%ED%8C%8C%EC%9D%B4%EC%8D%AC%2C&searchType=search&paid_fl=n&search_uuid=8e70740e-b2e0-4301-ad54-6d91b2a87352,대전 유성구 ,~ 11/26(토),"['경력무관', '고졸↑']","['머신러닝', ' Matlab', ' Python', ' R', ' 소프트웨어개발 등록일 22/09/27 ']"
Web 개발 경력직 채용,(주)사이버메드,https://www.saramin.co.kr/zf_user/jobs/view?view_type=search&rec_idx=43259869&location=ts&searchword=%ED%8C%8C%EC%9D%B4%EC%8D%AC%2C&searchType=search&paid_fl=n&search_uuid=8e70740e-b2e0-4301-ad54-6d91b2a87352,대전전체 ,상시채용,"['경력 5~10년', '학력무관']","['백엔드/서버개발', ' 웹개발', ' 퍼블리셔', ' 프론트엔드', ' DBA ']"
(주)에이치비테크놀러지 머신비전/영상처리 알고리즘 개발자,(주)에이치비테크놀러지,https://www.saramin.co.kr/zf_user/jobs/view?view_type=search&rec_idx=44063654&location=ts&searchword=%ED%8C%8C%EC%9D%B4%EC%8D%AC%2C&searchType=search&paid_fl=n&search_uuid=8e70740e-b2e0-4301-ad54-6d91b2a87352,충남 아산시 ,~ 10/26(수),"['경력무관', '대졸↑']","['알고리즘', ' 영상처리', ' 이미지프로세싱', ' S/W', ' AI(인공지능) ']"
웹 / 응용개발자  경력직 구합니다. (정규직만 채용),(주)멀틱스,https://www.saramin.co.kr/zf_user/jobs/view?view_type=search&rec_idx=44105418&location=ts&searchword=%ED%8C%8C%EC%9D%B4%EC%8D%AC%2C&searchType=search&paid_fl=n&search_uuid=8e70740e-b2e0-4301-ad54-6d91b2a87352,대전 유성구 ,~ 11/29(화),"['경력 5~20년', '학력무관']","['웹개발', ' 이미지프로세싱', ' 컴퓨터비전', ' Java', ' jQuery ']"
반도체/디스플레이 검사장비 제어S/W,(주)머신앤비전,https://www.saramin.co.kr/zf_user/jobs/view?view_type=search&rec_idx=43890516&location=ts&searchword=%ED%8C%8C%EC%9D%B4%EC%8D%AC%2C&searchType=search&paid_fl=n&search_uuid=8e70740e-b2e0-4301-ad54-6d91b2a87352,충남 천안시 서북구 ,채용시,"['경력무관', '초대졸↑']","['네트워크', ' 딥러닝', ' 머신러닝', ' 알고리즘', ' 영상처리 ']"
BNF테크놀로지 SW개발분야 모집,비앤에프테크놀로지㈜,https://www.saramin.co.kr/zf_user/jobs/view?view_type=search&rec_idx=43963999&location=ts&searchword=%ED%8C%8C%EC%9D%B4%EC%8D%AC%2C&searchType=search&paid_fl=n&search_uuid=8e70740e-b2e0-4301-ad54-6d91b2a87352,대전 유성구 ,내일마감,"['경력무관', '고졸↑']","['웹개발', ' QA/테스터', ' 빅데이터', ' 솔루션', ' C# ']"
인공지능 알고리즘 개발자 채용,가온플랫폼(주),https://www.saramin.co.kr/zf_user/jobs/view?view_type=search&rec_idx=43838665&location=ts&searchword=%ED%8C%8C%EC%9D%B4%EC%8D%AC%2C&searchType=search&paid_fl=n&search_uuid=8e70740e-b2e0-4301-ad54-6d91b2a87352,대전 유성구 ,채용시,"['경력', '초대졸↑']","['데이터분석가', ' 딥러닝', ' 머신러닝', ' 모델링', ' 빅데이터 ']"
[플랜아이] AX사업부 프론트엔드&백엔드 프로그래머,(주)플랜아이,https://www.saramin.co.kr/zf_user/jobs/view?view_type=search&rec_idx=43841524&location=ts&searchword=%ED%8C%8C%EC%9D%B4%EC%8D%AC%2C&searchType=search&paid_fl=n&search_uuid=8e70740e-b2e0-4301-ad54-6d91b2a87352,대전 유성구 ,~ 10/24(월),"['경력 4~10년', '학력무관']","['백엔드/서버개발', ' 프론트엔드', ' Java', ' Javascript', ' NoSQL ']"
인공지능 분야 연구원 모집,(주)한백전자,https://www.saramin.co.kr/zf_user/jobs/view?view_type=search&rec_idx=44015691&location=ts&searchword=%ED%8C%8C%EC%9D%B4%EC%8D%AC%2C&searchType=search&paid_fl=n&search_uuid=8e70740e-b2e0-4301-ad54-6d91b2a87352,대전 유성구 ,~ 10/19(수),"['경력무관', '대졸↑']","['딥러닝', ' 머신러닝', ' 임베디드', ' AI(인공지능)', ' C언어 ']"
(주)그림 머신비전 소프트웨어 프로그래머(C++/MFC) 채용,(주)그림,https://www.saramin.co.kr/zf_user/jobs/view?view_type=search&rec_idx=43841492&location=ts&searchword=%ED%8C%8C%EC%9D%B4%EC%8D%AC%2C&searchType=search&paid_fl=n&search_uuid=8e70740e-b2e0-4301-ad54-6d91b2a87352,경기 광명시 ,~ 10/22(토),"['경력무관', '학력무관']","['영상처리', ' S/W', ' C#', ' C++', ' C언어 ']"
IoT 소프트웨어 엔지니어,(주)글래스돔코리아,https://www.saramin.co.kr/zf_user/jobs/view?view_type=search&rec_idx=43954732&location=ts&searchword=%ED%8C%8C%EC%9D%B4%EC%8D%AC%2C&searchType=search&paid_fl=n&search_uuid=8e70740e-b2e0-4301-ad54-6d91b2a87352,대전전체 ,상시채용,"['경력 2~10년', '대졸↑']","['웹개발', ' SE(시스템엔지니어)', ' 블록체인', ' S/W', ' C++ ']"
Electrical HW 경력 채용,(주)인엘씨테크놀러지,https://www.saramin.co.kr/zf_user/jobs/view?view_type=search&rec_idx=44126539&location=ts&searchword=%ED%8C%8C%EC%9D%B4%EC%8D%AC%2C&searchType=search&paid_fl=n&search_uuid=8e70740e-b2e0-4301-ad54-6d91b2a87352,대전전체 ,~ 10/31(월),"['경력 3~15년', '학력무관']","['임베디드', ' FPGA', ' H/W', ' Matlab', ' Python ']"
시스템 엔지니어(빅데이터 하둡 플랫폼 운영/관리),(주)에셈블,https://www.saramin.co.kr/zf_user/jobs/view?view_type=search&rec_idx=44077460&location=ts&searchword=%ED%8C%8C%EC%9D%B4%EC%8D%AC%2C&searchType=search&paid_fl=n&search_uuid=8e70740e-b2e0-4301-ad54-6d91b2a87352,대전 유성구 ,~ 10/27(목),"['경력무관', '대졸↑']","['데이터분석가', ' AI(인공지능)', ' C#', ' Java', ' Kotlin ']"
인공지능 개발자 신입 및 경력직 채용,(주)에셈블,https://www.saramin.co.kr/zf_user/jobs/view?view_type=search&rec_idx=44077441&location=ts&searchword=%ED%8C%8C%EC%9D%B4%EC%8D%AC%2C&searchType=search&paid_fl=n&search_uuid=8e70740e-b2e0-4301-ad54-6d91b2a87352,대전 유성구 ,~ 10/27(목),"['경력무관', '대졸↑']","['데이터분석가', ' AI(인공지능)', ' C#', ' Java', ' Kotlin ']"
개발PM,(주)파이버폭스,https://www.saramin.co.kr/zf_user/jobs/view?view_type=search&rec_idx=40914175&location=ts&searchword=%ED%8C%8C%EC%9D%B4%EC%8D%AC%2C&searchType=search&paid_fl=n&search_uuid=8e70740e-b2e0-4301-ad54-6d91b2a87352,대전전체 ,상시채용,"['경력 5~10년', '학력무관']","['백엔드/서버개발', ' 앱개발', ' 웹개발', ' 프론트엔드', ' 빅데이터 ']"
[대전]리튬배터리 전문기업 경력사원 모집(전장설계·FW),(주)한국파워셀,https://www.saramin.co.kr/zf_user/jobs/view?view_type=search&rec_idx=44045112&location=ts&searchword=%ED%8C%8C%EC%9D%B4%EC%8D%AC%2C&searchType=search&paid_fl=n&search_uuid=8e70740e-b2e0-4301-ad54-6d91b2a87352,대전 유성구 ,상시채용,"['경력3년↑', '학력무관']","['기술지원', ' 백엔드/서버개발', ' 프론트엔드', ' SE(시스템엔지니어)', ' 네트워크 ']"
(주)인포카 본사 시스템 프론트 개발 정직원 채용,(주)인포카,https://www.saramin.co.kr/zf_user/jobs/view?view_type=search&rec_idx=43990619&location=ts&searchword=%ED%8C%8C%EC%9D%B4%EC%8D%AC%2C&searchType=search&paid_fl=n&search_uuid=8e70740e-b2e0-4301-ad54-6d91b2a87352,대전 유성구 ,채용시,"['신입·경력', '대졸↑']","['프론트엔드', ' API', ' S/W', ' CSS', ' CSS3 ']"
(주)인포카 본사 시스템 백엔드 개발 정직원 채용,(주)인포카,https://www.saramin.co.kr/zf_user/jobs/view?view_type=search&rec_idx=43990648&location=ts&searchword=%ED%8C%8C%EC%9D%B4%EC%8D%AC%2C&searchType=search&paid_fl=n&search_uuid=8e70740e-b2e0-4301-ad54-6d91b2a87352,대전 유성구 ,채용시,"['신입·경력', '대졸↑']","['프론트엔드', ' API', ' S/W', ' CSS', ' CSS3 ']"
Embedded ARM/Linux 응용SW 및 Firmware 개발 엔지니어,(주)테크플렉스,https://www.saramin.co.kr/zf_user/jobs/view?view_type=search&rec_idx=40996786&location=ts&searchword=%ED%8C%8C%EC%9D%B4%EC%8D%AC%2C&searchType=search&paid_fl=n&search_uuid=8e70740e-b2e0-4301-ad54-6d91b2a87352,대전전체 ,상시채용,"['신입·경력', '대졸↑']","['웹개발', ' 임베디드', ' 펌웨어', ' C++', ' C언어 ']"
[대전] 회로설계 및 F/W 개발자 채용공고,(주)비트버스,https://www.saramin.co.kr/zf_user/jobs/view?view_type=search&rec_idx=43918783&location=ts&searchword=%ED%8C%8C%EC%9D%B4%EC%8D%AC%2C&searchType=search&paid_fl=n&search_uuid=8e70740e-b2e0-4301-ad54-6d91b2a87352,대전 유성구 ,~ 11/04(금),"['신입·경력', '초대졸↑']","['빅데이터', ' 임베디드', ' 펌웨어', ' H/W', ' IoT ']"
(대전/서울/판교)꿀비 경력직 채용공고(웹개발),(주)꿀비,https://www.saramin.co.kr/zf_user/jobs/view?view_type=search&rec_idx=44086945&location=ts&searchword=%ED%8C%8C%EC%9D%B4%EC%8D%AC%2C&searchType=search&paid_fl=n&search_uuid=8e70740e-b2e0-4301-ad54-6d91b2a87352,대전 서구 ,~ 10/14(금),"['경력3년↑', '대졸↑']","['백엔드/서버개발', ' 웹개발', ' Java', ' Linux', ' Python ']"
(대전/서울)꿀비 경력직 채용공고(빅데이터),(주)꿀비,https://www.saramin.co.kr/zf_user/jobs/view?view_type=search&rec_idx=44086932&location=ts&searchword=%ED%8C%8C%EC%9D%B4%EC%8D%AC%2C&searchType=search&paid_fl=n&search_uuid=8e70740e-b2e0-4301-ad54-6d91b2a87352,대전 서구 ,~ 10/14(금),"['경력4년↑', '대졸↑']","['빅데이터', ' Hadoop', ' Linux', ' Python', ' R ']"
IoT 소프트웨어 엔지니어,(주)글래스돔코리아,https://www.saramin.co.kr/zf_user/jobs/view?view_type=search&rec_idx=44170727&location=ts&searchword=%ED%8C%8C%EC%9D%B4%EC%8D%AC%2C&searchType=search&paid_fl=n&search_uuid=8e70740e-b2e0-4301-ad54-6d91b2a87352,대전 서구 ,~ 11/10(목),"['경력 5~15년', '초대졸↑']","['IoT', ' C++', ' C언어', ' Git', ' GoLang ']"
"[기업부설연구소] 소프트웨어 개발 경력, 신입 채용",(주)쓰리웨이소프트,https://www.saramin.co.kr/zf_user/jobs/view?view_type=search&rec_idx=44122915&location=ts&searchword=%ED%8C%8C%EC%9D%B4%EC%8D%AC%2C&searchType=search&paid_fl=n&search_uuid=aa7bbc3d-b429-443d-9d82-bff4a999f81c,대전 대덕구 ,~ 11/03(목),"['경력무관', '대졸↑']","['S/W', ' Javascript', ' Python', ' ReactJS', ' 솔루션업체 수정일 22/10/04 ']"
AI 알고리즘 / 응용소프트웨어 / 웹 개발자 채용 (부문별 모집),(주)레이다앤스페이스,https://www.saramin.co.kr/zf_user/jobs/view?view_type=search&rec_idx=43802154&location=ts&searchword=%ED%8C%8C%EC%9D%B4%EC%8D%AC%2C&searchType=search&paid_fl=n&search_uuid=aa7bbc3d-b429-443d-9d82-bff4a999f81c,대전 유성구 ,상시채용,"['경력무관', '대졸↑']","['백엔드/서버개발', ' 딥러닝', ' 머신러닝', ' 알고리즘', ' S/W ']"
"코스피상장 중견기업] 제어설계(PC, PLC, 비전, 물류)경력직 채",(주)인큐브시스템,https://www.saramin.co.kr/zf_user/jobs/view?view_type=search&rec_idx=44116511&location=ts&searchword=%ED%8C%8C%EC%9D%B4%EC%8D%AC%2C&searchType=search&paid_fl=n&search_uuid=aa7bbc3d-b429-443d-9d82-bff4a999f81c,충남 아산시 ,~ 10/16(일),"['경력2년↑', '대졸↑']","['C#', ' C++', ' C언어', ' VisualC·C++', ' PLC ']"
코스피상장 중견기업] 물류시스템 제어개발 경력직 채용,(주)인큐브시스템,https://www.saramin.co.kr/zf_user/jobs/view?view_type=search&rec_idx=44165153&location=ts&searchword=%ED%8C%8C%EC%9D%B4%EC%8D%AC%2C&searchType=search&paid_fl=n&search_uuid=aa7bbc3d-b429-443d-9d82-bff4a999f81c,충남 아산시 ,~ 10/16(일),"['경력3년↑', '대졸↑']","['RTOS', ' C#', ' C++', ' C언어', ' Python ']"
코스피상장 중견기업] 제어설계(AGV/LGV) 개발 경력직 채용,(주)인큐브시스템,https://www.saramin.co.kr/zf_user/jobs/view?view_type=search&rec_idx=44165159&location=ts&searchword=%ED%8C%8C%EC%9D%B4%EC%8D%AC%2C&searchType=search&paid_fl=n&search_uuid=aa7bbc3d-b429-443d-9d82-bff4a999f81c,충남 아산시 ,~ 10/16(일),"['경력2년↑', '대졸↑']","['C#', ' C++', ' C언어', ' Python', ' Linux ']"
소프트웨어 개발자 경력 및 신입 정규채용,(주)제오시스,https://www.saramin.co.kr/zf_user/jobs/view?view_type=search&rec_idx=44125818&location=ts&searchword=%ED%8C%8C%EC%9D%B4%EC%8D%AC%2C&searchType=search&paid_fl=n&search_uuid=aa7bbc3d-b429-443d-9d82-bff4a999f81c,충북 청주시 흥덕구 ,~ 10/15(토),"['경력무관', '초대졸↑']","['웹개발', ' Android', ' iOS', ' Java', ' PHP ']"
ML Engineer,(주)데이터메이커,https://www.saramin.co.kr/zf_user/jobs/view?view_type=search&rec_idx=42972081&location=ts&searchword=%ED%8C%8C%EC%9D%B4%EC%8D%AC%2C&searchType=search&paid_fl=n&search_uuid=aa7bbc3d-b429-443d-9d82-bff4a999f81c,대전전체 ,상시채용,"['신입·경력', '대졸↑']","['데이터분석가', ' 웹개발', ' SE(시스템엔지니어)', ' 딥러닝', ' 머신러닝 ']"
멀티플랫폼 소프트웨어 개발자를 모집합니다.,(주)겟블루,https://www.saramin.co.kr/zf_user/jobs/view?view_type=search&rec_idx=44108200&location=ts&searchword=%ED%8C%8C%EC%9D%B4%EC%8D%AC%2C&searchType=search&paid_fl=n&search_uuid=aa7bbc3d-b429-443d-9d82-bff4a999f81c,충남 홍성군 ,~ 10/30(일),"['경력무관', '학력무관']","['C#', ' C++', ' ASP', ' Java', ' JSP ']"
2022년 하반기 신입/경력 개발자  채용,(주)알에스팀,https://www.saramin.co.kr/zf_user/jobs/view?view_type=search&rec_idx=44152590&location=ts&searchword=%ED%8C%8C%EC%9D%B4%EC%8D%AC%2C&searchType=search&paid_fl=n&search_uuid=aa7bbc3d-b429-443d-9d82-bff4a999f81c,대전 중구 ,~ 12/05(월),"['경력무관', '학력무관']","['백엔드/서버개발', ' 웹개발', ' 프론트엔드', ' Java', ' Python ']"
소프트웨어 개발자 모집 (신입/경력 정규직),(주)하늘소프트,https://www.saramin.co.kr/zf_user/jobs/view?view_type=search&rec_idx=43837564&location=ts&searchword=%ED%8C%8C%EC%9D%B4%EC%8D%AC%2C&searchType=search&paid_fl=n&search_uuid=aa7bbc3d-b429-443d-9d82-bff4a999f81c,대전 유성구 ,채용시,"['경력무관', '대졸↑']","['앱개발', ' SI개발', ' 네트워크', ' 딥러닝', ' 머신러닝 ']"
(주)아이옵스 위성 부문별 신입/경력 채용공고 (용인),(주)아이옵스,https://www.saramin.co.kr/zf_user/jobs/view?view_type=search&rec_idx=44126437&location=ts&searchword=%ED%8C%8C%EC%9D%B4%EC%8D%AC%2C&searchType=search&paid_fl=n&search_uuid=aa7bbc3d-b429-443d-9d82-bff4a999f81c,대전 유성구 ,~ 10/16(일),"['신입', '대졸↑']","['S/W', ' 네트워크', ' Python', ' 항공우주', ' SI·시스템통합 등록일 22/10/04 ']"
질병치료 관련 개발 연구원,(주)넷타겟,https://www.saramin.co.kr/zf_user/jobs/view?view_type=search&rec_idx=42716023&location=ts&searchword=%ED%8C%8C%EC%9D%B4%EC%8D%AC%2C&searchType=search&paid_fl=n&search_uuid=aa7bbc3d-b429-443d-9d82-bff4a999f81c,대전전체 ,~ 10/31(월),"['경력 3~20년', '석사↑']","['데이터분석가', ' 딥러닝', ' 머신러닝', ' 블록체인', ' 빅데이터 ']"
웹프론트엔드 SW개발자,(주)넷타겟,https://www.saramin.co.kr/zf_user/jobs/view?view_type=search&rec_idx=42716076&location=ts&searchword=%ED%8C%8C%EC%9D%B4%EC%8D%AC%2C&searchType=search&paid_fl=n&search_uuid=aa7bbc3d-b429-443d-9d82-bff4a999f81c,대전전체 ,~ 10/31(월),"['경력 3~20년', '대졸↑']","['웹개발', ' 퍼블리셔', ' 프론트엔드', ' 반응형웹', ' 웹표준·웹접근성 ']"
2022 하반기 .NET (C#) 소프트웨어 개발자 채용,(주)두잇,https://www.saramin.co.kr/zf_user/jobs/view?view_type=search&rec_idx=43882710&location=ts&searchword=%ED%8C%8C%EC%9D%B4%EC%8D%AC%2C&searchType=search&paid_fl=n&search_uuid=aa7bbc3d-b429-443d-9d82-bff4a999f81c,대전 유성구 ,~ 10/22(토),"['경력1년↑', '대졸↑']","['백엔드/서버개발', ' 웹개발', ' 프론트엔드', ' .NET', ' C# ']"
질병치료 관련 개발 연구원(신입~3년),(주)넷타겟,https://www.saramin.co.kr/zf_user/jobs/view?view_type=search&rec_idx=42716788&location=ts&searchword=%ED%8C%8C%EC%9D%B4%EC%8D%AC%2C&searchType=search&paid_fl=n&search_uuid=aa7bbc3d-b429-443d-9d82-bff4a999f81c,대전전체 ,~ 10/31(월),"['신입·경력', '석사↑']","['데이터분석가', ' 딥러닝', ' 머신러닝', ' 블록체인', ' 빅데이터 ']"
(주)웨이브웨어 2022 년도 (프로그래머) 신입.경력 모집,(주)웨이브웨어,https://www.saramin.co.kr/zf_user/jobs/view?view_type=search&rec_idx=44096446&location=ts&searchword=%ED%8C%8C%EC%9D%B4%EC%8D%AC%2C&searchType=search&paid_fl=n&search_uuid=aa7bbc3d-b429-443d-9d82-bff4a999f81c,대전 유성구 ,~ 10/29(토),"['신입', '학력무관']","['Windows', ' C++', ' C언어', ' Java', ' Linux ']"
Smart Factory SW개발 채용(신입/경력) (내일채움공제),그래비티시스템,https://www.saramin.co.kr/zf_user/jobs/view?view_type=search&rec_idx=44119519&location=ts&searchword=%ED%8C%8C%EC%9D%B4%EC%8D%AC%2C&searchType=search&paid_fl=n&search_uuid=aa7bbc3d-b429-443d-9d82-bff4a999f81c,충남 아산시 ,채용시,"['경력무관', '초대졸↑']","['C#', ' C++', ' C언어', ' Java', ' MFC ']"
ERP·IOT /APP/WEB 개발,오아시스스토리(주),https://www.saramin.co.kr/zf_user/jobs/view?view_type=search&rec_idx=43992996&location=ts&searchword=%ED%8C%8C%EC%9D%B4%EC%8D%AC%2C&searchType=search&paid_fl=n&search_uuid=aa7bbc3d-b429-443d-9d82-bff4a999f81c,대전 중구 ,~ 10/16(일),"['경력무관', '학력무관']","['백엔드/서버개발', ' 웹개발', ' 프론트엔드', ' .NET', ' C# ']"
소프트웨어 개발 (신입/경력)모집,(주)케이벨,https://www.saramin.co.kr/zf_user/jobs/view?view_type=search&rec_idx=44079092&location=ts&searchword=%ED%8C%8C%EC%9D%B4%EC%8D%AC%2C&searchType=search&paid_fl=n&search_uuid=aa7bbc3d-b429-443d-9d82-bff4a999f81c,대전 유성구 ,~ 11/26(토),"['신입·경력', '대졸↑']","['임베디드', ' H/W', ' S/W', ' 정보통신', ' 펌웨어 ']"
"웹, 응용프로그램 개발 정규직 채용",(주)아이티코리아,https://www.saramin.co.kr/zf_user/jobs/view?view_type=search&rec_idx=44145659&location=ts&searchword=%ED%8C%8C%EC%9D%B4%EC%8D%AC%2C&searchType=search&paid_fl=n&search_uuid=aa7bbc3d-b429-443d-9d82-bff4a999f81c,대전 유성구 ,~ 11/05(토),"['경력', '초대졸↑']","['웹개발', ' SI개발', ' 솔루션', ' S/W', ' 유지보수 ']"
[주식회사 꿀비]상반기 경력직 채용공고(임베디드 개발),(주)꿀비,https://www.saramin.co.kr/zf_user/jobs/view?view_type=search&rec_idx=44086982&location=ts&searchword=%ED%8C%8C%EC%9D%B4%EC%8D%AC%2C&searchType=search&paid_fl=n&search_uuid=aa7bbc3d-b429-443d-9d82-bff4a999f81c,대전 서구 ,~ 10/14(금),"['경력2년↑', '대졸↑']","['임베디드', ' 솔루션', ' 인터페이스', ' C++', ' R ']"
IT 개발연구원 모집,(주)큐이노텍,https://www.saramin.co.kr/zf_user/jobs/view?view_type=search&rec_idx=44016068&location=ts&searchword=%ED%8C%8C%EC%9D%B4%EC%8D%AC%2C&searchType=search&paid_fl=n&search_uuid=aa7bbc3d-b429-443d-9d82-bff4a999f81c,충남 천안시 서북구 ,~ 10/19(수),"['경력1년↑', '초대졸↑']","['데이터분석가', ' IT컨설팅', ' ICT컨설팅', ' C#', ' C++ ']"
2022년 생물정보학 전문가 채용 - 암조기진단 플랫폼 개발(대전),(주)아이엠비디엑스,https://www.saramin.co.kr/zf_user/jobs/view?view_type=search&rec_idx=44151186&location=ts&searchword=%ED%8C%8C%EC%9D%B4%EC%8D%AC%2C&searchType=search&paid_fl=n&search_uuid=aa7bbc3d-b429-443d-9d82-bff4a999f81c,대전 서구 ,~ 11/05(토),"['경력무관', '석사↑']","['빅데이터', ' 생명과학', ' 의료기기연구', ' 임상개발', ' 모델링 ']"
와이즈컨 프로그램 개발자 신입 및 경력직 채용 공고,(주)와이즈컨,https://www.saramin.co.kr/zf_user/jobs/view?view_type=search&rec_idx=44151292&location=ts&searchword=%ED%8C%8C%EC%9D%B4%EC%8D%AC%2C&searchType=search&paid_fl=n&search_uuid=aa7bbc3d-b429-443d-9d82-bff4a999f81c,대전 유성구 ,~ 10/31(월),"['경력무관', '대졸↑']","['임베디드', ' SI영업', ' 전기제어', ' 전자제어', ' 메카트로닉스 ']"
Technical Support Engineer 채용,주식회사 시스트란,https://www.saramin.co.kr/zf_user/jobs/view?view_type=search&rec_idx=44124888&location=ts&searchword=%ED%8C%8C%EC%9D%B4%EC%8D%AC%2C&searchType=search&paid_fl=n&search_uuid=aa7bbc3d-b429-443d-9d82-bff4a999f81c,대전 서구 ,~ 12/03(토),"['경력3년↑', '학력무관']","['Docker', ' Java', ' Javascript', ' MongoDB', ' Node.js ']"
"(주)아이옵스 머신러닝 엔지니어 연구원 채용모집 (신입, 경력)",(주)아이옵스,https://www.saramin.co.kr/zf_user/jobs/view?view_type=search&rec_idx=44126560&location=ts&searchword=%ED%8C%8C%EC%9D%B4%EC%8D%AC%2C&searchType=search&paid_fl=n&search_uuid=aa7bbc3d-b429-443d-9d82-bff4a999f81c,대전 유성구 ,~ 10/16(일),"['경력무관', '대졸↑']","['딥러닝', ' 머신러닝', ' S/W', ' 네트워크', ' Pytorch ']"
[전략기획실] 사업전략 담당자 채용,(주)트위니,https://www.saramin.co.kr/zf_user/jobs/view?view_type=search&rec_idx=44134324&location=ts&searchword=%ED%8C%8C%EC%9D%B4%EC%8D%AC%2C&searchType=search&paid_fl=n&search_uuid=aa7bbc3d-b429-443d-9d82-bff4a999f81c,대전 유성구 ,~ 11/04(금),"['경력무관', '학력무관']","['경영기획', ' 사업기획', ' 컨설턴트', ' 경영컨설팅', ' 사업제휴 ']"
(주)앰진 IT 기술개발 신입·경력 채용공고,(주)앰진,https://www.saramin.co.kr/zf_user/jobs/view?view_type=search&rec_idx=44045174&location=ts&searchword=%ED%8C%8C%EC%9D%B4%EC%8D%AC%2C&searchType=search&paid_fl=n&search_uuid=aa7bbc3d-b429-443d-9d82-bff4a999f81c,대전 유성구 ,~ 10/22(토),"['신입·경력', '대졸↑']","['마케팅기획', ' 마케팅전략', ' 시장조사', ' 통계/분석', ' 사업기획 ']"
고속 고정밀 기계설계 산업용로봇 로봇시스템 DIE BONDER Rework,(주)코리아휴먼리소시스,https://www.saramin.co.kr/zf_user/jobs/view?view_type=search&rec_idx=44162710&location=ts&searchword=%ED%8C%8C%EC%9D%B4%EC%8D%AC%2C&searchType=search&paid_fl=n&search_uuid=aa7bbc3d-b429-443d-9d82-bff4a999f81c,충남 아산시 ,~ 10/16(일),"['경력5년↑', '대졸↑']","['설계엔지니어', ' 공정설계', ' 제품설계', ' 구조해석/설계', ' 기계설계 ']"
[중견코스닥] 기술혁신팀 - 팀장급 모집,커리어서포트,https://www.saramin.co.kr/zf_user/jobs/view?view_type=search&rec_idx=44107983&location=ts&searchword=%ED%8C%8C%EC%9D%B4%EC%8D%AC%2C&searchType=search&paid_fl=n&search_uuid=aa7bbc3d-b429-443d-9d82-bff4a999f81c,서울 금천구 ,~ 10/30(일),"['경력12년↑', '대졸↑']","['기술사업화', ' 디스플레이', ' 반도체', ' 기술기획', ' MES ']"
[씨큐브코딩 대전 둔산센터] 코딩 강사 채용,주식회사 프로퍼에듀,https://www.saramin.co.kr/zf_user/jobs/view?view_type=search&rec_idx=44187905&location=ts&searchword=%ED%8C%8C%EC%9D%B4%EC%8D%AC%2C&searchType=search&paid_fl=n&search_uuid=aa7bbc3d-b429-443d-9d82-bff4a999f81c,대전 서구 ,~ 12/11(일),"['경력무관', '초대졸↑']","['학원강사', ' 코딩', ' IT학원 수정일 22/10/12 ']"
[코리아IT아카데미대전]  IT강사 채용 (신입 / 경력 무관),(주)코리아아이티아카데미대전,https://www.saramin.co.kr/zf_user/jobs/view?view_type=search&rec_idx=43924951&location=ts&searchword=%ED%8C%8C%EC%9D%B4%EC%8D%AC%2C&searchType=search&paid_fl=n&search_uuid=aa7bbc3d-b429-443d-9d82-bff4a999f81c,대전 서구 ,~ 11/05(토),"['경력무관', '학력무관']","['백엔드/서버개발', ' 보안컨설팅', ' 정보보안', ' 프론트엔드', ' 머신러닝 ']"
충남 천안 인공지능모델 개발자 채용,(주)삼성디지탈솔루션,https://www.saramin.co.kr/zf_user/jobs/view?view_type=search&rec_idx=44147093&location=ts&searchword=%ED%8C%8C%EC%9D%B4%EC%8D%AC%2C&searchType=search&paid_fl=n&search_uuid=aa7bbc3d-b429-443d-9d82-bff4a999f81c,충남 아산시 ,채용시,"['경력무관', '대졸']","['C언어', ' 딥러닝', ' 알고리즘', ' C#', ' C++ ']"
이엔유주식회사 소프트웨어 개발자 신입 인재 모집,이엔유주식회사,https://www.saramin.co.kr/zf_user/jobs/view?view_type=search&rec_idx=44142407&location=ts&searchword=%ED%8C%8C%EC%9D%B4%EC%8D%AC%2C&searchType=search&paid_fl=n&search_uuid=aa7bbc3d-b429-443d-9d82-bff4a999f81c,대전 유성구 ,채용시,"['신입', '초대졸']","['웹개발', ' 솔루션', ' IoT', ' 메타버스', ' C# ']"
"[휴먼교육센터] 직업훈련 소프트웨어개발(JAVA,SPRING) 강사채용",휴먼교육센터,https://www.saramin.co.kr/zf_user/jobs/view?view_type=search&rec_idx=43959732&location=ts&searchword=%ED%8C%8C%EC%9D%B4%EC%8D%AC%2C&searchType=search&paid_fl=n&search_uuid=aa7bbc3d-b429-443d-9d82-bff4a999f81c,충남 천안시 동남구 ,채용시,"['경력무관', '초대졸↑']","['백엔드/서버개발', ' 웹개발', ' 프론트엔드', ' Java', ' Python ']"
